Series Name,Series Code,Country Name,Country Code,2015 [YR2015]
"Fertility rate, total (births per woman)",SP.DYN.TFRT.IN,Afghanistan,AFG,5.405
"Fertility rate, total (births per woman)",SP.DYN.TFRT.IN,Albania,ALB,1.613
"Fertility rate, total (births per woman)",SP.DYN.TFRT.IN,Algeria,DZA,3.041
"Fertility rate, total (births per woman)",SP.DYN.TFRT.IN,American Samoa,ASM,..
"Fertility rate, total (births per woman)",SP.DYN.TFRT.IN,Andorra,AND,..
"Fertility rate, total (births per woman)",SP.DYN.TFRT.IN,Angola,AGO,5.774
"Fertility rate, total (births per woman)",SP.DYN.TFRT.IN,Antigua and Barbuda,ATG,1.567
"Fertility rate, total (births per woman)",SP.DYN.TFRT.IN,Argentina,ARG,2.301
"Fertility rate, total (births per woman)",SP.DYN.TFRT.IN,Armenia,ARM,1.602
"Fertility rate, total (births per woman)",SP.DYN.TFRT.IN,Aruba,ABW,1.972
"Fertility rate, total (births per woman)",SP.DYN.TFRT.IN,Australia,AUS,1.814
"Fertility rate, total (births per woman)",SP.DYN.TFRT.IN,Austria,AUT,1.49
"Fertility rate, total (births per woman)",SP.DYN.TFRT.IN,Azerbaijan,AZE,1.94
"Fertility rate, total (births per woman)",SP.DYN.TFRT.IN,"Bahamas, The",BHS,1.576
"Fertility rate, total (births per woman)",SP.DYN.TFRT.IN,Bahrain,BHR,2.131
"Fertility rate, total (births per woman)",SP.DYN.TFRT.IN,Bangladesh,BGD,2.114
"Fertility rate, total (births per woman)",SP.DYN.TFRT.IN,Barbados,BRB,1.614
"Fertility rate, total (births per woman)",SP.DYN.TFRT.IN,Belarus,BLR,1.724
"Fertility rate, total (births per woman)",SP.DYN.TFRT.IN,Belgium,BEL,1.7
"Fertility rate, total (births per woman)",SP.DYN.TFRT.IN,Belize,BLZ,2.438
"Fertility rate, total (births per woman)",SP.DYN.TFRT.IN,Benin,BEN,5.319
"Fertility rate, total (births per woman)",SP.DYN.TFRT.IN,Bermuda,BMU,1.4
"Fertility rate, total (births per woman)",SP.DYN.TFRT.IN,Bhutan,BTN,1.957
"Fertility rate, total (births per woman)",SP.DYN.TFRT.IN,Bolivia,BOL,2.886
"Fertility rate, total (births per woman)",SP.DYN.TFRT.IN,Bosnia and Herzegovina,BIH,1.289
"Fertility rate, total (births per woman)",SP.DYN.TFRT.IN,Botswana,BWA,2.942
"Fertility rate, total (births per woman)",SP.DYN.TFRT.IN,Brazil,BRA,1.777
"Fertility rate, total (births per woman)",SP.DYN.TFRT.IN,British Virgin Islands,VGB,1.186
"Fertility rate, total (births per woman)",SP.DYN.TFRT.IN,Brunei Darussalam,BRN,1.947
"Fertility rate, total (births per woman)",SP.DYN.TFRT.IN,Bulgaria,BGR,1.53
"Fertility rate, total (births per woman)",SP.DYN.TFRT.IN,Burkina Faso,BFA,5.478
"Fertility rate, total (births per woman)",SP.DYN.TFRT.IN,Burundi,BDI,5.695
"Fertility rate, total (births per woman)",SP.DYN.TFRT.IN,Cabo Verde,CPV,2.117
"Fertility rate, total (births per woman)",SP.DYN.TFRT.IN,Cambodia,KHM,2.55
"Fertility rate, total (births per woman)",SP.DYN.TFRT.IN,Cameroon,CMR,4.832
"Fertility rate, total (births per woman)",SP.DYN.TFRT.IN,Canada,CAN,1.6
"Fertility rate, total (births per woman)",SP.DYN.TFRT.IN,Cayman Islands,CYM,..
"Fertility rate, total (births per woman)",SP.DYN.TFRT.IN,Central African Republic,CAF,6.035
"Fertility rate, total (births per woman)",SP.DYN.TFRT.IN,Chad,TCD,6.706
"Fertility rate, total (births per woman)",SP.DYN.TFRT.IN,Channel Islands,CHI,1.521
"Fertility rate, total (births per woman)",SP.DYN.TFRT.IN,Chile,CHL,1.737
"Fertility rate, total (births per woman)",SP.DYN.TFRT.IN,China,CHN,1.67
"Fertility rate, total (births per woman)",SP.DYN.TFRT.IN,Colombia,COL,1.863
"Fertility rate, total (births per woman)",SP.DYN.TFRT.IN,Comoros,COM,4.418
"Fertility rate, total (births per woman)",SP.DYN.TFRT.IN,"Congo, Dem. Rep.",COD,6.437
"Fertility rate, total (births per woman)",SP.DYN.TFRT.IN,"Congo, Rep.",COG,4.564
"Fertility rate, total (births per woman)",SP.DYN.TFRT.IN,Costa Rica,CRI,1.79
"Fertility rate, total (births per woman)",SP.DYN.TFRT.IN,Cote d'Ivoire,CIV,4.813
"Fertility rate, total (births per woman)",SP.DYN.TFRT.IN,Croatia,HRV,1.41
"Fertility rate, total (births per woman)",SP.DYN.TFRT.IN,Cuba,CUB,1.694
"Fertility rate, total (births per woman)",SP.DYN.TFRT.IN,Curacao,CUW,1.9
"Fertility rate, total (births per woman)",SP.DYN.TFRT.IN,Cyprus,CYP,1.326
"Fertility rate, total (births per woman)",SP.DYN.TFRT.IN,Czechia,CZE,1.57
"Fertility rate, total (births per woman)",SP.DYN.TFRT.IN,Denmark,DNK,1.71
"Fertility rate, total (births per woman)",SP.DYN.TFRT.IN,Djibouti,DJI,3.066
"Fertility rate, total (births per woman)",SP.DYN.TFRT.IN,Dominica,DMA,1.694
"Fertility rate, total (births per woman)",SP.DYN.TFRT.IN,Dominican Republic,DOM,2.43
"Fertility rate, total (births per woman)",SP.DYN.TFRT.IN,Ecuador,ECU,2.26
"Fertility rate, total (births per woman)",SP.DYN.TFRT.IN,"Egypt, Arab Rep.",EGY,3.436
"Fertility rate, total (births per woman)",SP.DYN.TFRT.IN,El Salvador,SLV,2.067
"Fertility rate, total (births per woman)",SP.DYN.TFRT.IN,Equatorial Guinea,GNQ,4.774
"Fertility rate, total (births per woman)",SP.DYN.TFRT.IN,Eritrea,ERI,4.217
"Fertility rate, total (births per woman)",SP.DYN.TFRT.IN,Estonia,EST,1.58
"Fertility rate, total (births per woman)",SP.DYN.TFRT.IN,Eswatini,SWZ,3.117
"Fertility rate, total (births per woman)",SP.DYN.TFRT.IN,Ethiopia,ETH,4.531
"Fertility rate, total (births per woman)",SP.DYN.TFRT.IN,Faroe Islands,FRO,2.419
"Fertility rate, total (births per woman)",SP.DYN.TFRT.IN,Fiji,FJI,2.642
"Fertility rate, total (births per woman)",SP.DYN.TFRT.IN,Finland,FIN,1.65
"Fertility rate, total (births per woman)",SP.DYN.TFRT.IN,France,FRA,1.96
"Fertility rate, total (births per woman)",SP.DYN.TFRT.IN,French Polynesia,PYF,1.905
"Fertility rate, total (births per woman)",SP.DYN.TFRT.IN,Gabon,GAB,3.889
"Fertility rate, total (births per woman)",SP.DYN.TFRT.IN,"Gambia, The",GMB,5.314
"Fertility rate, total (births per woman)",SP.DYN.TFRT.IN,Georgia,GEO,2.204
"Fertility rate, total (births per woman)",SP.DYN.TFRT.IN,Germany,DEU,1.5
"Fertility rate, total (births per woman)",SP.DYN.TFRT.IN,Ghana,GHA,4.05
"Fertility rate, total (births per woman)",SP.DYN.TFRT.IN,Gibraltar,GIB,2.186
"Fertility rate, total (births per woman)",SP.DYN.TFRT.IN,Greece,GRC,1.33
"Fertility rate, total (births per woman)",SP.DYN.TFRT.IN,Greenland,GRL,2.01
"Fertility rate, total (births per woman)",SP.DYN.TFRT.IN,Grenada,GRD,2.126
"Fertility rate, total (births per woman)",SP.DYN.TFRT.IN,Guam,GUM,2.922
"Fertility rate, total (births per woman)",SP.DYN.TFRT.IN,Guatemala,GTM,3.029
"Fertility rate, total (births per woman)",SP.DYN.TFRT.IN,Guinea,GIN,5.022
"Fertility rate, total (births per woman)",SP.DYN.TFRT.IN,Guinea-Bissau,GNB,4.671
"Fertility rate, total (births per woman)",SP.DYN.TFRT.IN,Guyana,GUY,2.534
"Fertility rate, total (births per woman)",SP.DYN.TFRT.IN,Haiti,HTI,3.108
"Fertility rate, total (births per woman)",SP.DYN.TFRT.IN,Honduras,HND,2.581
"Fertility rate, total (births per woman)",SP.DYN.TFRT.IN,"Hong Kong SAR, China",HKG,1.196
"Fertility rate, total (births per woman)",SP.DYN.TFRT.IN,Hungary,HUN,1.45
"Fertility rate, total (births per woman)",SP.DYN.TFRT.IN,Iceland,ISL,1.8
"Fertility rate, total (births per woman)",SP.DYN.TFRT.IN,India,IND,2.287
"Fertility rate, total (births per woman)",SP.DYN.TFRT.IN,Indonesia,IDN,2.345
"Fertility rate, total (births per woman)",SP.DYN.TFRT.IN,"Iran, Islamic Rep.",IRN,2.053
"Fertility rate, total (births per woman)",SP.DYN.TFRT.IN,Iraq,IRQ,4.09
"Fertility rate, total (births per woman)",SP.DYN.TFRT.IN,Ireland,IRL,1.85
"Fertility rate, total (births per woman)",SP.DYN.TFRT.IN,Isle of Man,IMN,1.711
"Fertility rate, total (births per woman)",SP.DYN.TFRT.IN,Israel,ISR,3.09
"Fertility rate, total (births per woman)",SP.DYN.TFRT.IN,Italy,ITA,1.35
"Fertility rate, total (births per woman)",SP.DYN.TFRT.IN,Jamaica,JAM,1.588
"Fertility rate, total (births per woman)",SP.DYN.TFRT.IN,Japan,JPN,1.45
"Fertility rate, total (births per woman)",SP.DYN.TFRT.IN,Jordan,JOR,3.175
"Fertility rate, total (births per woman)",SP.DYN.TFRT.IN,Kazakhstan,KAZ,2.74
"Fertility rate, total (births per woman)",SP.DYN.TFRT.IN,Kenya,KEN,3.8
"Fertility rate, total (births per woman)",SP.DYN.TFRT.IN,Kiribati,KIR,3.53
"Fertility rate, total (births per woman)",SP.DYN.TFRT.IN,"Korea, Dem. People's Rep.",PRK,1.884
"Fertility rate, total (births per woman)",SP.DYN.TFRT.IN,"Korea, Rep.",KOR,1.239
"Fertility rate, total (births per woman)",SP.DYN.TFRT.IN,Kosovo,XKX,1.751
"Fertility rate, total (births per woman)",SP.DYN.TFRT.IN,Kuwait,KWT,2.16
"Fertility rate, total (births per woman)",SP.DYN.TFRT.IN,Kyrgyz Republic,KGZ,3.2
"Fertility rate, total (births per woman)",SP.DYN.TFRT.IN,Lao PDR,LAO,2.766
"Fertility rate, total (births per woman)",SP.DYN.TFRT.IN,Latvia,LVA,1.7
"Fertility rate, total (births per woman)",SP.DYN.TFRT.IN,Lebanon,LBN,2.178
"Fertility rate, total (births per woman)",SP.DYN.TFRT.IN,Lesotho,LSO,3.264
"Fertility rate, total (births per woman)",SP.DYN.TFRT.IN,Liberia,LBR,4.523
"Fertility rate, total (births per woman)",SP.DYN.TFRT.IN,Libya,LBY,2.711
"Fertility rate, total (births per woman)",SP.DYN.TFRT.IN,Liechtenstein,LIE,1.4
"Fertility rate, total (births per woman)",SP.DYN.TFRT.IN,Lithuania,LTU,1.7
"Fertility rate, total (births per woman)",SP.DYN.TFRT.IN,Luxembourg,LUX,1.47
"Fertility rate, total (births per woman)",SP.DYN.TFRT.IN,"Macao SAR, China",MAC,1.196
"Fertility rate, total (births per woman)",SP.DYN.TFRT.IN,Madagascar,MDG,4.183
"Fertility rate, total (births per woman)",SP.DYN.TFRT.IN,Malawi,MWI,4.452
"Fertility rate, total (births per woman)",SP.DYN.TFRT.IN,Malaysia,MYS,2.039
"Fertility rate, total (births per woman)",SP.DYN.TFRT.IN,Maldives,MDV,1.99
"Fertility rate, total (births per woman)",SP.DYN.TFRT.IN,Mali,MLI,6.385
"Fertility rate, total (births per woman)",SP.DYN.TFRT.IN,Malta,MLT,1.37
"Fertility rate, total (births per woman)",SP.DYN.TFRT.IN,Marshall Islands,MHL,3.063
"Fertility rate, total (births per woman)",SP.DYN.TFRT.IN,Mauritania,MRT,4.813
"Fertility rate, total (births per woman)",SP.DYN.TFRT.IN,Mauritius,MUS,1.36
"Fertility rate, total (births per woman)",SP.DYN.TFRT.IN,Mexico,MEX,2.137
"Fertility rate, total (births per woman)",SP.DYN.TFRT.IN,"Micronesia, Fed. Sts.",FSM,2.971
"Fertility rate, total (births per woman)",SP.DYN.TFRT.IN,Moldova,MDA,1.868
"Fertility rate, total (births per woman)",SP.DYN.TFRT.IN,Monaco,MCO,..
"Fertility rate, total (births per woman)",SP.DYN.TFRT.IN,Mongolia,MNG,3.01
"Fertility rate, total (births per woman)",SP.DYN.TFRT.IN,Montenegro,MNE,1.74
"Fertility rate, total (births per woman)",SP.DYN.TFRT.IN,Morocco,MAR,2.531
"Fertility rate, total (births per woman)",SP.DYN.TFRT.IN,Mozambique,MOZ,5.062
"Fertility rate, total (births per woman)",SP.DYN.TFRT.IN,Myanmar,MMR,2.248
"Fertility rate, total (births per woman)",SP.DYN.TFRT.IN,Namibia,NAM,3.604
"Fertility rate, total (births per woman)",SP.DYN.TFRT.IN,Nauru,NRU,3.827
"Fertility rate, total (births per woman)",SP.DYN.TFRT.IN,Nepal,NPL,2.25
"Fertility rate, total (births per woman)",SP.DYN.TFRT.IN,Netherlands,NLD,1.66
"Fertility rate, total (births per woman)",SP.DYN.TFRT.IN,New Caledonia,NCL,2.08
"Fertility rate, total (births per woman)",SP.DYN.TFRT.IN,New Zealand,NZL,1.99
"Fertility rate, total (births per woman)",SP.DYN.TFRT.IN,Nicaragua,NIC,2.48
"Fertility rate, total (births per woman)",SP.DYN.TFRT.IN,Niger,NER,7.211
"Fertility rate, total (births per woman)",SP.DYN.TFRT.IN,Nigeria,NGA,5.616
"Fertility rate, total (births per woman)",SP.DYN.TFRT.IN,North Macedonia,MKD,1.49
"Fertility rate, total (births per woman)",SP.DYN.TFRT.IN,Northern Mariana Islands,MNP,..
"Fertility rate, total (births per woman)",SP.DYN.TFRT.IN,Norway,NOR,1.72
"Fertility rate, total (births per woman)",SP.DYN.TFRT.IN,Oman,OMN,2.959
"Fertility rate, total (births per woman)",SP.DYN.TFRT.IN,Pakistan,PAK,3.904
"Fertility rate, total (births per woman)",SP.DYN.TFRT.IN,Palau,PLW,2.21
"Fertility rate, total (births per woman)",SP.DYN.TFRT.IN,Panama,PAN,2.564
"Fertility rate, total (births per woman)",SP.DYN.TFRT.IN,Papua New Guinea,PNG,3.558
"Fertility rate, total (births per woman)",SP.DYN.TFRT.IN,Paraguay,PRY,2.645
"Fertility rate, total (births per woman)",SP.DYN.TFRT.IN,Peru,PER,2.338
"Fertility rate, total (births per woman)",SP.DYN.TFRT.IN,Philippines,PHL,2.951
"Fertility rate, total (births per woman)",SP.DYN.TFRT.IN,Poland,POL,1.32
"Fertility rate, total (births per woman)",SP.DYN.TFRT.IN,Portugal,PRT,1.31
"Fertility rate, total (births per woman)",SP.DYN.TFRT.IN,Puerto Rico,PRI,1.3365
"Fertility rate, total (births per woman)",SP.DYN.TFRT.IN,Qatar,QAT,1.864
"Fertility rate, total (births per woman)",SP.DYN.TFRT.IN,Romania,ROU,1.62
"Fertility rate, total (births per woman)",SP.DYN.TFRT.IN,Russian Federation,RUS,1.777
"Fertility rate, total (births per woman)",SP.DYN.TFRT.IN,Rwanda,RWA,4.081
"Fertility rate, total (births per woman)",SP.DYN.TFRT.IN,Samoa,WSM,4.357
"Fertility rate, total (births per woman)",SP.DYN.TFRT.IN,San Marino,SMR,..
"Fertility rate, total (births per woman)",SP.DYN.TFRT.IN,Sao Tome and Principe,STP,4.387
"Fertility rate, total (births per woman)",SP.DYN.TFRT.IN,Saudi Arabia,SAU,2.637
"Fertility rate, total (births per woman)",SP.DYN.TFRT.IN,Senegal,SEN,4.781
"Fertility rate, total (births per woman)",SP.DYN.TFRT.IN,Serbia,SRB,1.46
"Fertility rate, total (births per woman)",SP.DYN.TFRT.IN,Seychelles,SYC,2.31
"Fertility rate, total (births per woman)",SP.DYN.TFRT.IN,Sierra Leone,SLE,4.548
"Fertility rate, total (births per woman)",SP.DYN.TFRT.IN,Singapore,SGP,1.24
"Fertility rate, total (births per woman)",SP.DYN.TFRT.IN,Sint Maarten (Dutch part),SXM,1.73
"Fertility rate, total (births per woman)",SP.DYN.TFRT.IN,Slovak Republic,SVK,1.4
"Fertility rate, total (births per woman)",SP.DYN.TFRT.IN,Slovenia,SVN,1.57
"Fertility rate, total (births per woman)",SP.DYN.TFRT.IN,Solomon Islands,SLB,4.356
"Fertility rate, total (births per woman)",SP.DYN.TFRT.IN,Somalia,SOM,6.978
"Fertility rate, total (births per woman)",SP.DYN.TFRT.IN,South Africa,ZAF,2.359
"Fertility rate, total (births per woman)",SP.DYN.TFRT.IN,South Sudan,SSD,4.937
"Fertility rate, total (births per woman)",SP.DYN.TFRT.IN,Spain,ESP,1.33
"Fertility rate, total (births per woman)",SP.DYN.TFRT.IN,Sri Lanka,LKA,2.091
"Fertility rate, total (births per woman)",SP.DYN.TFRT.IN,St. Kitts and Nevis,KNA,1.643
"Fertility rate, total (births per woman)",SP.DYN.TFRT.IN,St. Lucia,LCA,1.473
"Fertility rate, total (births per woman)",SP.DYN.TFRT.IN,St. Martin (French part),MAF,2.558
"Fertility rate, total (births per woman)",SP.DYN.TFRT.IN,St. Vincent and the Grenadines,VCT,2.099
"Fertility rate, total (births per woman)",SP.DYN.TFRT.IN,Sudan,SDN,4.898
"Fertility rate, total (births per woman)",SP.DYN.TFRT.IN,Suriname,SUR,2.494
"Fertility rate, total (births per woman)",SP.DYN.TFRT.IN,Sweden,SWE,1.85
"Fertility rate, total (births per woman)",SP.DYN.TFRT.IN,Switzerland,CHE,1.54
"Fertility rate, total (births per woman)",SP.DYN.TFRT.IN,Syrian Arab Republic,SYR,3.049
"Fertility rate, total (births per woman)",SP.DYN.TFRT.IN,Tajikistan,TJK,3.459
"Fertility rate, total (births per woman)",SP.DYN.TFRT.IN,Tanzania,TZA,5.088
"Fertility rate, total (births per woman)",SP.DYN.TFRT.IN,Thailand,THA,1.469
"Fertility rate, total (births per woman)",SP.DYN.TFRT.IN,Timor-Leste,TLS,3.903
"Fertility rate, total (births per woman)",SP.DYN.TFRT.IN,Togo,TGO,4.594
"Fertility rate, total (births per woman)",SP.DYN.TFRT.IN,Tonga,TON,3.562
"Fertility rate, total (births per woman)",SP.DYN.TFRT.IN,Trinidad and Tobago,TTO,1.682
"Fertility rate, total (births per woman)",SP.DYN.TFRT.IN,Tunisia,TUN,2.251
"Fertility rate, total (births per woman)",SP.DYN.TFRT.IN,Turkiye,TUR,2.194
"Fertility rate, total (births per woman)",SP.DYN.TFRT.IN,Turkmenistan,TKM,2.93
"Fertility rate, total (births per woman)",SP.DYN.TFRT.IN,Turks and Caicos Islands,TCA,1.67
"Fertility rate, total (births per woman)",SP.DYN.TFRT.IN,Tuvalu,TUV,3.217
"Fertility rate, total (births per woman)",SP.DYN.TFRT.IN,Uganda,UGA,5.306
"Fertility rate, total (births per woman)",SP.DYN.TFRT.IN,Ukraine,UKR,1.506
"Fertility rate, total (births per woman)",SP.DYN.TFRT.IN,United Arab Emirates,ARE,1.486
"Fertility rate, total (births per woman)",SP.DYN.TFRT.IN,United Kingdom,GBR,1.8
"Fertility rate, total (births per woman)",SP.DYN.TFRT.IN,United States,USA,1.8435
"Fertility rate, total (births per woman)",SP.DYN.TFRT.IN,Uruguay,URY,2.023
"Fertility rate, total (births per woman)",SP.DYN.TFRT.IN,Uzbekistan,UZB,2.491
"Fertility rate, total (births per woman)",SP.DYN.TFRT.IN,Vanuatu,VUT,4.006
"Fertility rate, total (births per woman)",SP.DYN.TFRT.IN,"Venezuela, RB",VEN,2.34
"Fertility rate, total (births per woman)",SP.DYN.TFRT.IN,Viet Nam,VNM,1.951
"Fertility rate, total (births per woman)",SP.DYN.TFRT.IN,Virgin Islands (U.S.),VIR,2.11
"Fertility rate, total (births per woman)",SP.DYN.TFRT.IN,West Bank and Gaza,PSE,4.046
"Fertility rate, total (births per woman)",SP.DYN.TFRT.IN,"Yemen, Rep.",YEM,4.322
"Fertility rate, total (births per woman)",SP.DYN.TFRT.IN,Zambia,ZMB,4.793
"Fertility rate, total (births per woman)",SP.DYN.TFRT.IN,Zimbabwe,ZWE,3.849
"Fertility rate, total (births per woman)",SP.DYN.TFRT.IN,Africa Eastern and Southern,AFE,4.677617736
"Fertility rate, total (births per woman)",SP.DYN.TFRT.IN,Africa Western and Central,AFW,5.385059308
"Fertility rate, total (births per woman)",SP.DYN.TFRT.IN,Arab World,ARB,3.471038097
"Fertility rate, total (births per woman)",SP.DYN.TFRT.IN,Caribbean small states,CSS,2.1386125
"Fertility rate, total (births per woman)",SP.DYN.TFRT.IN,Central Europe and the Baltics,CEB,1.462299899
"Fertility rate, total (births per woman)",SP.DYN.TFRT.IN,Early-demographic dividend,EAR,2.589374388
"Fertility rate, total (births per woman)",SP.DYN.TFRT.IN,East Asia & Pacific,EAS,1.830031815
"Fertility rate, total (births per woman)",SP.DYN.TFRT.IN,East Asia & Pacific (excluding high income),EAP,1.874160654
"Fertility rate, total (births per woman)",SP.DYN.TFRT.IN,East Asia & Pacific (IDA & IBRD countries),TEA,1.874049946
"Fertility rate, total (births per woman)",SP.DYN.TFRT.IN,Euro area,EMU,1.548176125
"Fertility rate, total (births per woman)",SP.DYN.TFRT.IN,Europe & Central Asia,ECS,1.775057716
"Fertility rate, total (births per woman)",SP.DYN.TFRT.IN,Europe & Central Asia (excluding high income),ECA,2.156279024
"Fertility rate, total (births per woman)",SP.DYN.TFRT.IN,Europe & Central Asia (IDA & IBRD countries),TEC,1.934959176
"Fertility rate, total (births per woman)",SP.DYN.TFRT.IN,European Union,EUU,1.537301584
"Fertility rate, total (births per woman)",SP.DYN.TFRT.IN,Fragile and conflict affected situations,FCS,4.642228206
"Fertility rate, total (births per woman)",SP.DYN.TFRT.IN,Heavily indebted poor countries (HIPC),HPC,5.032747102
"Fertility rate, total (births per woman)",SP.DYN.TFRT.IN,High income,HIC,1.681577784
"Fertility rate, total (births per woman)",SP.DYN.TFRT.IN,IBRD only,IBD,2.100222943
"Fertility rate, total (births per woman)",SP.DYN.TFRT.IN,IDA & IBRD total,IBT,2.608548663
"Fertility rate, total (births per woman)",SP.DYN.TFRT.IN,IDA blend,IDB,4.392794726
"Fertility rate, total (births per woman)",SP.DYN.TFRT.IN,IDA only,IDX,4.121113595
"Fertility rate, total (births per woman)",SP.DYN.TFRT.IN,IDA total,IDA,4.210470687
"Fertility rate, total (births per woman)",SP.DYN.TFRT.IN,Late-demographic dividend,LTE,1.740036306
"Fertility rate, total (births per woman)",SP.DYN.TFRT.IN,Latin America & Caribbean,LCN,2.070373155
"Fertility rate, total (births per woman)",SP.DYN.TFRT.IN,Latin America & Caribbean (excluding high income),LAC,2.068323946
"Fertility rate, total (births per woman)",SP.DYN.TFRT.IN,Latin America & the Caribbean (IDA & IBRD countries),TLA,2.080942648
"Fertility rate, total (births per woman)",SP.DYN.TFRT.IN,Least developed countries: UN classification,LDC,4.270607982
"Fertility rate, total (births per woman)",SP.DYN.TFRT.IN,Low & middle income,LMY,2.640931188
"Fertility rate, total (births per woman)",SP.DYN.TFRT.IN,Low income,LIC,5.022393521
"Fertility rate, total (births per woman)",SP.DYN.TFRT.IN,Lower middle income,LMC,2.907190344
"Fertility rate, total (births per woman)",SP.DYN.TFRT.IN,Middle East & North Africa,MEA,2.951748932
"Fertility rate, total (births per woman)",SP.DYN.TFRT.IN,Middle East & North Africa (excluding high income),MNA,3.018249558
"Fertility rate, total (births per woman)",SP.DYN.TFRT.IN,Middle East & North Africa (IDA & IBRD countries),TMN,3.007089186
"Fertility rate, total (births per woman)",SP.DYN.TFRT.IN,Middle income,MIC,2.410740554
"Fertility rate, total (births per woman)",SP.DYN.TFRT.IN,North America,NAC,1.81917836
"Fertility rate, total (births per woman)",SP.DYN.TFRT.IN,Not classified,INX,..
"Fertility rate, total (births per woman)",SP.DYN.TFRT.IN,OECD members,OED,1.746111807
"Fertility rate, total (births per woman)",SP.DYN.TFRT.IN,Other small states,OSS,2.333794412
"Fertility rate, total (births per woman)",SP.DYN.TFRT.IN,Pacific island small states,PSS,3.460993439
"Fertility rate, total (births per woman)",SP.DYN.TFRT.IN,Post-demographic dividend,PST,1.6335168
"Fertility rate, total (births per woman)",SP.DYN.TFRT.IN,Pre-demographic dividend,PRE,5.28357766
"Fertility rate, total (births per woman)",SP.DYN.TFRT.IN,Small states,SST,2.44810491
"Fertility rate, total (births per woman)",SP.DYN.TFRT.IN,South Asia,SAS,2.498365925
"Fertility rate, total (births per woman)",SP.DYN.TFRT.IN,South Asia (IDA & IBRD),TSA,2.498365925
"Fertility rate, total (births per woman)",SP.DYN.TFRT.IN,Sub-Saharan Africa,SSF,4.956917064
"Fertility rate, total (births per woman)",SP.DYN.TFRT.IN,Sub-Saharan Africa (excluding high income),SSA,4.957176101
"Fertility rate, total (births per woman)",SP.DYN.TFRT.IN,Sub-Saharan Africa (IDA & IBRD countries),TSS,4.956917064
"Fertility rate, total (births per woman)",SP.DYN.TFRT.IN,Upper middle income,UMC,1.918682487
"Fertility rate, total (births per woman)",SP.DYN.TFRT.IN,World,WLD,2.47787863
"Mortality rate, adult, female (per 1,000 female adults)",SP.DYN.AMRT.FE,Afghanistan,AFG,209.573
"Mortality rate, adult, female (per 1,000 female adults)",SP.DYN.AMRT.FE,Albania,ALB,46.822
"Mortality rate, adult, female (per 1,000 female adults)",SP.DYN.AMRT.FE,Algeria,DZA,73.471
"Mortality rate, adult, female (per 1,000 female adults)",SP.DYN.AMRT.FE,American Samoa,ASM,..
"Mortality rate, adult, female (per 1,000 female adults)",SP.DYN.AMRT.FE,Andorra,AND,..
"Mortality rate, adult, female (per 1,000 female adults)",SP.DYN.AMRT.FE,Angola,AGO,229.953
"Mortality rate, adult, female (per 1,000 female adults)",SP.DYN.AMRT.FE,Antigua and Barbuda,ATG,71.265
"Mortality rate, adult, female (per 1,000 female adults)",SP.DYN.AMRT.FE,Argentina,ARG,76.307
"Mortality rate, adult, female (per 1,000 female adults)",SP.DYN.AMRT.FE,Armenia,ARM,65.825
"Mortality rate, adult, female (per 1,000 female adults)",SP.DYN.AMRT.FE,Aruba,ABW,62.67
"Mortality rate, adult, female (per 1,000 female adults)",SP.DYN.AMRT.FE,Australia,AUS,45.231
"Mortality rate, adult, female (per 1,000 female adults)",SP.DYN.AMRT.FE,Austria,AUT,44.687
"Mortality rate, adult, female (per 1,000 female adults)",SP.DYN.AMRT.FE,Azerbaijan,AZE,93.653
"Mortality rate, adult, female (per 1,000 female adults)",SP.DYN.AMRT.FE,"Bahamas, The",BHS,134.412
"Mortality rate, adult, female (per 1,000 female adults)",SP.DYN.AMRT.FE,Bahrain,BHR,51.933
"Mortality rate, adult, female (per 1,000 female adults)",SP.DYN.AMRT.FE,Bangladesh,BGD,112.617
"Mortality rate, adult, female (per 1,000 female adults)",SP.DYN.AMRT.FE,Barbados,BRB,89.598
"Mortality rate, adult, female (per 1,000 female adults)",SP.DYN.AMRT.FE,Belarus,BLR,82.36
"Mortality rate, adult, female (per 1,000 female adults)",SP.DYN.AMRT.FE,Belgium,BEL,53.983
"Mortality rate, adult, female (per 1,000 female adults)",SP.DYN.AMRT.FE,Belize,BLZ,109.72
"Mortality rate, adult, female (per 1,000 female adults)",SP.DYN.AMRT.FE,Benin,BEN,249.694
"Mortality rate, adult, female (per 1,000 female adults)",SP.DYN.AMRT.FE,Bermuda,BMU,45.402
"Mortality rate, adult, female (per 1,000 female adults)",SP.DYN.AMRT.FE,Bhutan,BTN,128.968
"Mortality rate, adult, female (per 1,000 female adults)",SP.DYN.AMRT.FE,Bolivia,BOL,150.035
"Mortality rate, adult, female (per 1,000 female adults)",SP.DYN.AMRT.FE,Bosnia and Herzegovina,BIH,59.726
"Mortality rate, adult, female (per 1,000 female adults)",SP.DYN.AMRT.FE,Botswana,BWA,237.818
"Mortality rate, adult, female (per 1,000 female adults)",SP.DYN.AMRT.FE,Brazil,BRA,84.634
"Mortality rate, adult, female (per 1,000 female adults)",SP.DYN.AMRT.FE,British Virgin Islands,VGB,58.157
"Mortality rate, adult, female (per 1,000 female adults)",SP.DYN.AMRT.FE,Brunei Darussalam,BRN,101.14
"Mortality rate, adult, female (per 1,000 female adults)",SP.DYN.AMRT.FE,Bulgaria,BGR,86.607
"Mortality rate, adult, female (per 1,000 female adults)",SP.DYN.AMRT.FE,Burkina Faso,BFA,235.259
"Mortality rate, adult, female (per 1,000 female adults)",SP.DYN.AMRT.FE,Burundi,BDI,255.471
"Mortality rate, adult, female (per 1,000 female adults)",SP.DYN.AMRT.FE,Cabo Verde,CPV,73.421
"Mortality rate, adult, female (per 1,000 female adults)",SP.DYN.AMRT.FE,Cambodia,KHM,141.294
"Mortality rate, adult, female (per 1,000 female adults)",SP.DYN.AMRT.FE,Cameroon,CMR,278.456
"Mortality rate, adult, female (per 1,000 female adults)",SP.DYN.AMRT.FE,Canada,CAN,50.736
"Mortality rate, adult, female (per 1,000 female adults)",SP.DYN.AMRT.FE,Cayman Islands,CYM,..
"Mortality rate, adult, female (per 1,000 female adults)",SP.DYN.AMRT.FE,Central African Republic,CAF,390.195
"Mortality rate, adult, female (per 1,000 female adults)",SP.DYN.AMRT.FE,Chad,TCD,346.329
"Mortality rate, adult, female (per 1,000 female adults)",SP.DYN.AMRT.FE,Channel Islands,CHI,38.572
"Mortality rate, adult, female (per 1,000 female adults)",SP.DYN.AMRT.FE,Chile,CHL,61.873
"Mortality rate, adult, female (per 1,000 female adults)",SP.DYN.AMRT.FE,China,CHN,62.27
"Mortality rate, adult, female (per 1,000 female adults)",SP.DYN.AMRT.FE,Colombia,COL,73.966
"Mortality rate, adult, female (per 1,000 female adults)",SP.DYN.AMRT.FE,Comoros,COM,201.327
"Mortality rate, adult, female (per 1,000 female adults)",SP.DYN.AMRT.FE,"Congo, Dem. Rep.",COD,259.266
"Mortality rate, adult, female (per 1,000 female adults)",SP.DYN.AMRT.FE,"Congo, Rep.",COG,269.708
"Mortality rate, adult, female (per 1,000 female adults)",SP.DYN.AMRT.FE,Costa Rica,CRI,55.466
"Mortality rate, adult, female (per 1,000 female adults)",SP.DYN.AMRT.FE,Cote d'Ivoire,CIV,351.633
"Mortality rate, adult, female (per 1,000 female adults)",SP.DYN.AMRT.FE,Croatia,HRV,51.413
"Mortality rate, adult, female (per 1,000 female adults)",SP.DYN.AMRT.FE,Cuba,CUB,75.194
"Mortality rate, adult, female (per 1,000 female adults)",SP.DYN.AMRT.FE,Curacao,CUW,61.21
"Mortality rate, adult, female (per 1,000 female adults)",SP.DYN.AMRT.FE,Cyprus,CYP,44.473
"Mortality rate, adult, female (per 1,000 female adults)",SP.DYN.AMRT.FE,Czechia,CZE,53.074
"Mortality rate, adult, female (per 1,000 female adults)",SP.DYN.AMRT.FE,Denmark,DNK,51.397
"Mortality rate, adult, female (per 1,000 female adults)",SP.DYN.AMRT.FE,Djibouti,DJI,224.184
"Mortality rate, adult, female (per 1,000 female adults)",SP.DYN.AMRT.FE,Dominica,DMA,129.123
"Mortality rate, adult, female (per 1,000 female adults)",SP.DYN.AMRT.FE,Dominican Republic,DOM,104.984
"Mortality rate, adult, female (per 1,000 female adults)",SP.DYN.AMRT.FE,Ecuador,ECU,83.275
"Mortality rate, adult, female (per 1,000 female adults)",SP.DYN.AMRT.FE,"Egypt, Arab Rep.",EGY,114.943
"Mortality rate, adult, female (per 1,000 female adults)",SP.DYN.AMRT.FE,El Salvador,SLV,116.195
"Mortality rate, adult, female (per 1,000 female adults)",SP.DYN.AMRT.FE,Equatorial Guinea,GNQ,242.423
"Mortality rate, adult, female (per 1,000 female adults)",SP.DYN.AMRT.FE,Eritrea,ERI,187.886
"Mortality rate, adult, female (per 1,000 female adults)",SP.DYN.AMRT.FE,Estonia,EST,62.825
"Mortality rate, adult, female (per 1,000 female adults)",SP.DYN.AMRT.FE,Eswatini,SWZ,430.729
"Mortality rate, adult, female (per 1,000 female adults)",SP.DYN.AMRT.FE,Ethiopia,ETH,197.241
"Mortality rate, adult, female (per 1,000 female adults)",SP.DYN.AMRT.FE,Faroe Islands,FRO,..
"Mortality rate, adult, female (per 1,000 female adults)",SP.DYN.AMRT.FE,Fiji,FJI,195.036
"Mortality rate, adult, female (per 1,000 female adults)",SP.DYN.AMRT.FE,Finland,FIN,43.601
"Mortality rate, adult, female (per 1,000 female adults)",SP.DYN.AMRT.FE,France,FRA,49.377
"Mortality rate, adult, female (per 1,000 female adults)",SP.DYN.AMRT.FE,French Polynesia,PYF,31.523
"Mortality rate, adult, female (per 1,000 female adults)",SP.DYN.AMRT.FE,Gabon,GAB,199.247
"Mortality rate, adult, female (per 1,000 female adults)",SP.DYN.AMRT.FE,"Gambia, The",GMB,242
"Mortality rate, adult, female (per 1,000 female adults)",SP.DYN.AMRT.FE,Georgia,GEO,73.545
"Mortality rate, adult, female (per 1,000 female adults)",SP.DYN.AMRT.FE,Germany,DEU,50.173
"Mortality rate, adult, female (per 1,000 female adults)",SP.DYN.AMRT.FE,Ghana,GHA,225.065
"Mortality rate, adult, female (per 1,000 female adults)",SP.DYN.AMRT.FE,Gibraltar,GIB,43.634
"Mortality rate, adult, female (per 1,000 female adults)",SP.DYN.AMRT.FE,Greece,GRC,38.853
"Mortality rate, adult, female (per 1,000 female adults)",SP.DYN.AMRT.FE,Greenland,GRL,129.465
"Mortality rate, adult, female (per 1,000 female adults)",SP.DYN.AMRT.FE,Grenada,GRD,97.064
"Mortality rate, adult, female (per 1,000 female adults)",SP.DYN.AMRT.FE,Guam,GUM,94.424
"Mortality rate, adult, female (per 1,000 female adults)",SP.DYN.AMRT.FE,Guatemala,GTM,129.843
"Mortality rate, adult, female (per 1,000 female adults)",SP.DYN.AMRT.FE,Guinea,GIN,261.918
"Mortality rate, adult, female (per 1,000 female adults)",SP.DYN.AMRT.FE,Guinea-Bissau,GNB,265.828
"Mortality rate, adult, female (per 1,000 female adults)",SP.DYN.AMRT.FE,Guyana,GUY,176.027
"Mortality rate, adult, female (per 1,000 female adults)",SP.DYN.AMRT.FE,Haiti,HTI,192.369
"Mortality rate, adult, female (per 1,000 female adults)",SP.DYN.AMRT.FE,Honduras,HND,110.132
"Mortality rate, adult, female (per 1,000 female adults)",SP.DYN.AMRT.FE,"Hong Kong SAR, China",HKG,29.622
"Mortality rate, adult, female (per 1,000 female adults)",SP.DYN.AMRT.FE,Hungary,HUN,85.926
"Mortality rate, adult, female (per 1,000 female adults)",SP.DYN.AMRT.FE,Iceland,ISL,43.185
"Mortality rate, adult, female (per 1,000 female adults)",SP.DYN.AMRT.FE,India,IND,144.478
"Mortality rate, adult, female (per 1,000 female adults)",SP.DYN.AMRT.FE,Indonesia,IDN,152.107
"Mortality rate, adult, female (per 1,000 female adults)",SP.DYN.AMRT.FE,"Iran, Islamic Rep.",IRN,69.95
"Mortality rate, adult, female (per 1,000 female adults)",SP.DYN.AMRT.FE,Iraq,IRQ,146.13
"Mortality rate, adult, female (per 1,000 female adults)",SP.DYN.AMRT.FE,Ireland,IRL,47.709
"Mortality rate, adult, female (per 1,000 female adults)",SP.DYN.AMRT.FE,Isle of Man,IMN,63.221
"Mortality rate, adult, female (per 1,000 female adults)",SP.DYN.AMRT.FE,Israel,ISR,39.687
"Mortality rate, adult, female (per 1,000 female adults)",SP.DYN.AMRT.FE,Italy,ITA,38.612
"Mortality rate, adult, female (per 1,000 female adults)",SP.DYN.AMRT.FE,Jamaica,JAM,124.717
"Mortality rate, adult, female (per 1,000 female adults)",SP.DYN.AMRT.FE,Japan,JPN,37.142
"Mortality rate, adult, female (per 1,000 female adults)",SP.DYN.AMRT.FE,Jordan,JOR,78.452
"Mortality rate, adult, female (per 1,000 female adults)",SP.DYN.AMRT.FE,Kazakhstan,KAZ,112.349
"Mortality rate, adult, female (per 1,000 female adults)",SP.DYN.AMRT.FE,Kenya,KEN,306.191
"Mortality rate, adult, female (per 1,000 female adults)",SP.DYN.AMRT.FE,Kiribati,KIR,177.336
"Mortality rate, adult, female (per 1,000 female adults)",SP.DYN.AMRT.FE,"Korea, Dem. People's Rep.",PRK,106.115
"Mortality rate, adult, female (per 1,000 female adults)",SP.DYN.AMRT.FE,"Korea, Rep.",KOR,26.316
"Mortality rate, adult, female (per 1,000 female adults)",SP.DYN.AMRT.FE,Kosovo,XKX,52.37
"Mortality rate, adult, female (per 1,000 female adults)",SP.DYN.AMRT.FE,Kuwait,KWT,34.744
"Mortality rate, adult, female (per 1,000 female adults)",SP.DYN.AMRT.FE,Kyrgyz Republic,KGZ,117.865
"Mortality rate, adult, female (per 1,000 female adults)",SP.DYN.AMRT.FE,Lao PDR,LAO,162.434
"Mortality rate, adult, female (per 1,000 female adults)",SP.DYN.AMRT.FE,Latvia,LVA,85.92
"Mortality rate, adult, female (per 1,000 female adults)",SP.DYN.AMRT.FE,Lebanon,LBN,54.409
"Mortality rate, adult, female (per 1,000 female adults)",SP.DYN.AMRT.FE,Lesotho,LSO,482.662
"Mortality rate, adult, female (per 1,000 female adults)",SP.DYN.AMRT.FE,Liberia,LBR,278.718
"Mortality rate, adult, female (per 1,000 female adults)",SP.DYN.AMRT.FE,Libya,LBY,117.077
"Mortality rate, adult, female (per 1,000 female adults)",SP.DYN.AMRT.FE,Liechtenstein,LIE,..
"Mortality rate, adult, female (per 1,000 female adults)",SP.DYN.AMRT.FE,Lithuania,LTU,85.048
"Mortality rate, adult, female (per 1,000 female adults)",SP.DYN.AMRT.FE,Luxembourg,LUX,36.401
"Mortality rate, adult, female (per 1,000 female adults)",SP.DYN.AMRT.FE,"Macao SAR, China",MAC,27.943
"Mortality rate, adult, female (per 1,000 female adults)",SP.DYN.AMRT.FE,Madagascar,MDG,198.543
"Mortality rate, adult, female (per 1,000 female adults)",SP.DYN.AMRT.FE,Malawi,MWI,286.502
"Mortality rate, adult, female (per 1,000 female adults)",SP.DYN.AMRT.FE,Malaysia,MYS,81.839
"Mortality rate, adult, female (per 1,000 female adults)",SP.DYN.AMRT.FE,Maldives,MDV,45.443
"Mortality rate, adult, female (per 1,000 female adults)",SP.DYN.AMRT.FE,Mali,MLI,243.937
"Mortality rate, adult, female (per 1,000 female adults)",SP.DYN.AMRT.FE,Malta,MLT,29.26
"Mortality rate, adult, female (per 1,000 female adults)",SP.DYN.AMRT.FE,Marshall Islands,MHL,255.245
"Mortality rate, adult, female (per 1,000 female adults)",SP.DYN.AMRT.FE,Mauritania,MRT,173.052
"Mortality rate, adult, female (per 1,000 female adults)",SP.DYN.AMRT.FE,Mauritius,MUS,80.78
"Mortality rate, adult, female (per 1,000 female adults)",SP.DYN.AMRT.FE,Mexico,MEX,96.767
"Mortality rate, adult, female (per 1,000 female adults)",SP.DYN.AMRT.FE,"Micronesia, Fed. Sts.",FSM,93.232
"Mortality rate, adult, female (per 1,000 female adults)",SP.DYN.AMRT.FE,Moldova,MDA,119.204
"Mortality rate, adult, female (per 1,000 female adults)",SP.DYN.AMRT.FE,Monaco,MCO,..
"Mortality rate, adult, female (per 1,000 female adults)",SP.DYN.AMRT.FE,Mongolia,MNG,128.013
"Mortality rate, adult, female (per 1,000 female adults)",SP.DYN.AMRT.FE,Montenegro,MNE,71.989
"Mortality rate, adult, female (per 1,000 female adults)",SP.DYN.AMRT.FE,Morocco,MAR,100.723
"Mortality rate, adult, female (per 1,000 female adults)",SP.DYN.AMRT.FE,Mozambique,MOZ,293.808
"Mortality rate, adult, female (per 1,000 female adults)",SP.DYN.AMRT.FE,Myanmar,MMR,163.309
"Mortality rate, adult, female (per 1,000 female adults)",SP.DYN.AMRT.FE,Namibia,NAM,319.94
"Mortality rate, adult, female (per 1,000 female adults)",SP.DYN.AMRT.FE,Nauru,NRU,264.392
"Mortality rate, adult, female (per 1,000 female adults)",SP.DYN.AMRT.FE,Nepal,NPL,171.946
"Mortality rate, adult, female (per 1,000 female adults)",SP.DYN.AMRT.FE,Netherlands,NLD,49.464
"Mortality rate, adult, female (per 1,000 female adults)",SP.DYN.AMRT.FE,New Caledonia,NCL,60.028
"Mortality rate, adult, female (per 1,000 female adults)",SP.DYN.AMRT.FE,New Zealand,NZL,52.403
"Mortality rate, adult, female (per 1,000 female adults)",SP.DYN.AMRT.FE,Nicaragua,NIC,104.225
"Mortality rate, adult, female (per 1,000 female adults)",SP.DYN.AMRT.FE,Niger,NER,213.254
"Mortality rate, adult, female (per 1,000 female adults)",SP.DYN.AMRT.FE,Nigeria,NGA,364.599
"Mortality rate, adult, female (per 1,000 female adults)",SP.DYN.AMRT.FE,North Macedonia,MKD,59.986
"Mortality rate, adult, female (per 1,000 female adults)",SP.DYN.AMRT.FE,Northern Mariana Islands,MNP,..
"Mortality rate, adult, female (per 1,000 female adults)",SP.DYN.AMRT.FE,Norway,NOR,41.989
"Mortality rate, adult, female (per 1,000 female adults)",SP.DYN.AMRT.FE,Oman,OMN,58.534
"Mortality rate, adult, female (per 1,000 female adults)",SP.DYN.AMRT.FE,Pakistan,PAK,143.088
"Mortality rate, adult, female (per 1,000 female adults)",SP.DYN.AMRT.FE,Palau,PLW,..
"Mortality rate, adult, female (per 1,000 female adults)",SP.DYN.AMRT.FE,Panama,PAN,76.456
"Mortality rate, adult, female (per 1,000 female adults)",SP.DYN.AMRT.FE,Papua New Guinea,PNG,181.246
"Mortality rate, adult, female (per 1,000 female adults)",SP.DYN.AMRT.FE,Paraguay,PRY,115.349
"Mortality rate, adult, female (per 1,000 female adults)",SP.DYN.AMRT.FE,Peru,PER,90.768
"Mortality rate, adult, female (per 1,000 female adults)",SP.DYN.AMRT.FE,Philippines,PHL,118.793
"Mortality rate, adult, female (per 1,000 female adults)",SP.DYN.AMRT.FE,Poland,POL,63.434
"Mortality rate, adult, female (per 1,000 female adults)",SP.DYN.AMRT.FE,Portugal,PRT,42.462
"Mortality rate, adult, female (per 1,000 female adults)",SP.DYN.AMRT.FE,Puerto Rico,PRI,54.145
"Mortality rate, adult, female (per 1,000 female adults)",SP.DYN.AMRT.FE,Qatar,QAT,42.036
"Mortality rate, adult, female (per 1,000 female adults)",SP.DYN.AMRT.FE,Romania,ROU,76.955
"Mortality rate, adult, female (per 1,000 female adults)",SP.DYN.AMRT.FE,Russian Federation,RUS,..
"Mortality rate, adult, female (per 1,000 female adults)",SP.DYN.AMRT.FE,Rwanda,RWA,210.06
"Mortality rate, adult, female (per 1,000 female adults)",SP.DYN.AMRT.FE,Samoa,WSM,107.913
"Mortality rate, adult, female (per 1,000 female adults)",SP.DYN.AMRT.FE,San Marino,SMR,..
"Mortality rate, adult, female (per 1,000 female adults)",SP.DYN.AMRT.FE,Sao Tome and Principe,STP,192.672
"Mortality rate, adult, female (per 1,000 female adults)",SP.DYN.AMRT.FE,Saudi Arabia,SAU,78.663
"Mortality rate, adult, female (per 1,000 female adults)",SP.DYN.AMRT.FE,Senegal,SEN,149.47
"Mortality rate, adult, female (per 1,000 female adults)",SP.DYN.AMRT.FE,Serbia,SRB,69.586
"Mortality rate, adult, female (per 1,000 female adults)",SP.DYN.AMRT.FE,Seychelles,SYC,85.098
"Mortality rate, adult, female (per 1,000 female adults)",SP.DYN.AMRT.FE,Sierra Leone,SLE,258.226
"Mortality rate, adult, female (per 1,000 female adults)",SP.DYN.AMRT.FE,Singapore,SGP,36.033
"Mortality rate, adult, female (per 1,000 female adults)",SP.DYN.AMRT.FE,Sint Maarten (Dutch part),SXM,54.749
"Mortality rate, adult, female (per 1,000 female adults)",SP.DYN.AMRT.FE,Slovak Republic,SVK,64.859
"Mortality rate, adult, female (per 1,000 female adults)",SP.DYN.AMRT.FE,Slovenia,SVN,45.527
"Mortality rate, adult, female (per 1,000 female adults)",SP.DYN.AMRT.FE,Solomon Islands,SLB,153.308
"Mortality rate, adult, female (per 1,000 female adults)",SP.DYN.AMRT.FE,Somalia,SOM,273.491
"Mortality rate, adult, female (per 1,000 female adults)",SP.DYN.AMRT.FE,South Africa,ZAF,277.004
"Mortality rate, adult, female (per 1,000 female adults)",SP.DYN.AMRT.FE,South Sudan,SSD,305.137
"Mortality rate, adult, female (per 1,000 female adults)",SP.DYN.AMRT.FE,Spain,ESP,38.837
"Mortality rate, adult, female (per 1,000 female adults)",SP.DYN.AMRT.FE,Sri Lanka,LKA,73.577
"Mortality rate, adult, female (per 1,000 female adults)",SP.DYN.AMRT.FE,St. Kitts and Nevis,KNA,111.256
"Mortality rate, adult, female (per 1,000 female adults)",SP.DYN.AMRT.FE,St. Lucia,LCA,90.863
"Mortality rate, adult, female (per 1,000 female adults)",SP.DYN.AMRT.FE,St. Martin (French part),MAF,43.283
"Mortality rate, adult, female (per 1,000 female adults)",SP.DYN.AMRT.FE,St. Vincent and the Grenadines,VCT,113.866
"Mortality rate, adult, female (per 1,000 female adults)",SP.DYN.AMRT.FE,Sudan,SDN,176.556
"Mortality rate, adult, female (per 1,000 female adults)",SP.DYN.AMRT.FE,Suriname,SUR,150.294
"Mortality rate, adult, female (per 1,000 female adults)",SP.DYN.AMRT.FE,Sweden,SWE,39.95
"Mortality rate, adult, female (per 1,000 female adults)",SP.DYN.AMRT.FE,Switzerland,CHE,36.484
"Mortality rate, adult, female (per 1,000 female adults)",SP.DYN.AMRT.FE,Syrian Arab Republic,SYR,143.58
"Mortality rate, adult, female (per 1,000 female adults)",SP.DYN.AMRT.FE,Tajikistan,TJK,127.552
"Mortality rate, adult, female (per 1,000 female adults)",SP.DYN.AMRT.FE,Tanzania,TZA,211.721
"Mortality rate, adult, female (per 1,000 female adults)",SP.DYN.AMRT.FE,Thailand,THA,81.683
"Mortality rate, adult, female (per 1,000 female adults)",SP.DYN.AMRT.FE,Timor-Leste,TLS,163.928
"Mortality rate, adult, female (per 1,000 female adults)",SP.DYN.AMRT.FE,Togo,TGO,277.686
"Mortality rate, adult, female (per 1,000 female adults)",SP.DYN.AMRT.FE,Tonga,TON,156.78
"Mortality rate, adult, female (per 1,000 female adults)",SP.DYN.AMRT.FE,Trinidad and Tobago,TTO,107.592
"Mortality rate, adult, female (per 1,000 female adults)",SP.DYN.AMRT.FE,Tunisia,TUN,67.381
"Mortality rate, adult, female (per 1,000 female adults)",SP.DYN.AMRT.FE,Turkiye,TUR,54.342
"Mortality rate, adult, female (per 1,000 female adults)",SP.DYN.AMRT.FE,Turkmenistan,TKM,120.273
"Mortality rate, adult, female (per 1,000 female adults)",SP.DYN.AMRT.FE,Turks and Caicos Islands,TCA,69.733
"Mortality rate, adult, female (per 1,000 female adults)",SP.DYN.AMRT.FE,Tuvalu,TUV,220.319
"Mortality rate, adult, female (per 1,000 female adults)",SP.DYN.AMRT.FE,Uganda,UGA,280.116
"Mortality rate, adult, female (per 1,000 female adults)",SP.DYN.AMRT.FE,Ukraine,UKR,79.053
"Mortality rate, adult, female (per 1,000 female adults)",SP.DYN.AMRT.FE,United Arab Emirates,ARE,49.538
"Mortality rate, adult, female (per 1,000 female adults)",SP.DYN.AMRT.FE,United Kingdom,GBR,54.081
"Mortality rate, adult, female (per 1,000 female adults)",SP.DYN.AMRT.FE,United States,USA,80.429
"Mortality rate, adult, female (per 1,000 female adults)",SP.DYN.AMRT.FE,Uruguay,URY,78.547
"Mortality rate, adult, female (per 1,000 female adults)",SP.DYN.AMRT.FE,Uzbekistan,UZB,121.508
"Mortality rate, adult, female (per 1,000 female adults)",SP.DYN.AMRT.FE,Vanuatu,VUT,141.941
"Mortality rate, adult, female (per 1,000 female adults)",SP.DYN.AMRT.FE,"Venezuela, RB",VEN,92.48
"Mortality rate, adult, female (per 1,000 female adults)",SP.DYN.AMRT.FE,Viet Nam,VNM,77.801
"Mortality rate, adult, female (per 1,000 female adults)",SP.DYN.AMRT.FE,Virgin Islands (U.S.),VIR,59.37
"Mortality rate, adult, female (per 1,000 female adults)",SP.DYN.AMRT.FE,West Bank and Gaza,PSE,85.457
"Mortality rate, adult, female (per 1,000 female adults)",SP.DYN.AMRT.FE,"Yemen, Rep.",YEM,149.098
"Mortality rate, adult, female (per 1,000 female adults)",SP.DYN.AMRT.FE,Zambia,ZMB,259.209
"Mortality rate, adult, female (per 1,000 female adults)",SP.DYN.AMRT.FE,Zimbabwe,ZWE,338.869
"Mortality rate, adult, female (per 1,000 female adults)",SP.DYN.AMRT.FE,Africa Eastern and Southern,AFE,247.3344479
"Mortality rate, adult, female (per 1,000 female adults)",SP.DYN.AMRT.FE,Africa Western and Central,AFW,305.3027793
"Mortality rate, adult, female (per 1,000 female adults)",SP.DYN.AMRT.FE,Arab World,ARB,117.1582303
"Mortality rate, adult, female (per 1,000 female adults)",SP.DYN.AMRT.FE,Caribbean small states,CSS,132.9831671
"Mortality rate, adult, female (per 1,000 female adults)",SP.DYN.AMRT.FE,Central Europe and the Baltics,CEB,68.95329759
"Mortality rate, adult, female (per 1,000 female adults)",SP.DYN.AMRT.FE,Early-demographic dividend,EAR,137.060093
"Mortality rate, adult, female (per 1,000 female adults)",SP.DYN.AMRT.FE,East Asia & Pacific,EAS,77.46654635
"Mortality rate, adult, female (per 1,000 female adults)",SP.DYN.AMRT.FE,East Asia & Pacific (excluding high income),EAP,82.00298696
"Mortality rate, adult, female (per 1,000 female adults)",SP.DYN.AMRT.FE,East Asia & Pacific (IDA & IBRD countries),TEA,81.70336688
"Mortality rate, adult, female (per 1,000 female adults)",SP.DYN.AMRT.FE,Euro area,EMU,46.38512977
"Mortality rate, adult, female (per 1,000 female adults)",SP.DYN.AMRT.FE,Europe & Central Asia,ECS,61.11352808
"Mortality rate, adult, female (per 1,000 female adults)",SP.DYN.AMRT.FE,Europe & Central Asia (excluding high income),ECA,82.1066883
"Mortality rate, adult, female (per 1,000 female adults)",SP.DYN.AMRT.FE,Europe & Central Asia (IDA & IBRD countries),TEC,79.13734582
"Mortality rate, adult, female (per 1,000 female adults)",SP.DYN.AMRT.FE,European Union,EUU,50.97946543
"Mortality rate, adult, female (per 1,000 female adults)",SP.DYN.AMRT.FE,Fragile and conflict affected situations,FCS,228.2083604
"Mortality rate, adult, female (per 1,000 female adults)",SP.DYN.AMRT.FE,Heavily indebted poor countries (HIPC),HPC,232.9731684
"Mortality rate, adult, female (per 1,000 female adults)",SP.DYN.AMRT.FE,High income,HIC,57.21378655
"Mortality rate, adult, female (per 1,000 female adults)",SP.DYN.AMRT.FE,IBRD only,IBD,102.4364712
"Mortality rate, adult, female (per 1,000 female adults)",SP.DYN.AMRT.FE,IDA & IBRD total,IBT,127.2723906
"Mortality rate, adult, female (per 1,000 female adults)",SP.DYN.AMRT.FE,IDA blend,IDB,242.5460702
"Mortality rate, adult, female (per 1,000 female adults)",SP.DYN.AMRT.FE,IDA only,IDX,195.4147156
"Mortality rate, adult, female (per 1,000 female adults)",SP.DYN.AMRT.FE,IDA total,IDA,210.887979
"Mortality rate, adult, female (per 1,000 female adults)",SP.DYN.AMRT.FE,Late-demographic dividend,LTE,68.78535483
"Mortality rate, adult, female (per 1,000 female adults)",SP.DYN.AMRT.FE,Latin America & Caribbean,LCN,90.58935035
"Mortality rate, adult, female (per 1,000 female adults)",SP.DYN.AMRT.FE,Latin America & Caribbean (excluding high income),LAC,91.6568843
"Mortality rate, adult, female (per 1,000 female adults)",SP.DYN.AMRT.FE,Latin America & the Caribbean (IDA & IBRD countries),TLA,91.09217025
"Mortality rate, adult, female (per 1,000 female adults)",SP.DYN.AMRT.FE,Least developed countries: UN classification,LDC,199.3580097
"Mortality rate, adult, female (per 1,000 female adults)",SP.DYN.AMRT.FE,Low & middle income,LMY,128.2151661
"Mortality rate, adult, female (per 1,000 female adults)",SP.DYN.AMRT.FE,Low income,LIC,223.2207291
"Mortality rate, adult, female (per 1,000 female adults)",SP.DYN.AMRT.FE,Lower middle income,LMC,159.4943827
"Mortality rate, adult, female (per 1,000 female adults)",SP.DYN.AMRT.FE,Middle East & North Africa,MEA,96.48279968
"Mortality rate, adult, female (per 1,000 female adults)",SP.DYN.AMRT.FE,Middle East & North Africa (excluding high income),MNA,101.1741421
"Mortality rate, adult, female (per 1,000 female adults)",SP.DYN.AMRT.FE,Middle East & North Africa (IDA & IBRD countries),TMN,101.3367321
"Mortality rate, adult, female (per 1,000 female adults)",SP.DYN.AMRT.FE,Middle income,MIC,119.8232755
"Mortality rate, adult, female (per 1,000 female adults)",SP.DYN.AMRT.FE,North America,NAC,77.40753992
"Mortality rate, adult, female (per 1,000 female adults)",SP.DYN.AMRT.FE,Not classified,INX,..
"Mortality rate, adult, female (per 1,000 female adults)",SP.DYN.AMRT.FE,OECD members,OED,60.6659595
"Mortality rate, adult, female (per 1,000 female adults)",SP.DYN.AMRT.FE,Other small states,OSS,125.8731665
"Mortality rate, adult, female (per 1,000 female adults)",SP.DYN.AMRT.FE,Pacific island small states,PSS,166.9088356
"Mortality rate, adult, female (per 1,000 female adults)",SP.DYN.AMRT.FE,Post-demographic dividend,PST,57.40913451
"Mortality rate, adult, female (per 1,000 female adults)",SP.DYN.AMRT.FE,Pre-demographic dividend,PRE,271.3808201
"Mortality rate, adult, female (per 1,000 female adults)",SP.DYN.AMRT.FE,Small states,SST,132.2004603
"Mortality rate, adult, female (per 1,000 female adults)",SP.DYN.AMRT.FE,South Asia,SAS,141.8593215
"Mortality rate, adult, female (per 1,000 female adults)",SP.DYN.AMRT.FE,South Asia (IDA & IBRD),TSA,141.8593215
"Mortality rate, adult, female (per 1,000 female adults)",SP.DYN.AMRT.FE,Sub-Saharan Africa,SSF,270.1964108
"Mortality rate, adult, female (per 1,000 female adults)",SP.DYN.AMRT.FE,Sub-Saharan Africa (excluding high income),SSA,270.2167058
"Mortality rate, adult, female (per 1,000 female adults)",SP.DYN.AMRT.FE,Sub-Saharan Africa (IDA & IBRD countries),TSS,270.1964108
"Mortality rate, adult, female (per 1,000 female adults)",SP.DYN.AMRT.FE,Upper middle income,UMC,83.60659894
"Mortality rate, adult, female (per 1,000 female adults)",SP.DYN.AMRT.FE,World,WLD,115.9762767
"Mortality rate, adult, male (per 1,000 male adults)",SP.DYN.AMRT.MA,Afghanistan,AFG,278.424
"Mortality rate, adult, male (per 1,000 male adults)",SP.DYN.AMRT.MA,Albania,ALB,86.126
"Mortality rate, adult, male (per 1,000 male adults)",SP.DYN.AMRT.MA,Algeria,DZA,101.649
"Mortality rate, adult, male (per 1,000 male adults)",SP.DYN.AMRT.MA,American Samoa,ASM,..
"Mortality rate, adult, male (per 1,000 male adults)",SP.DYN.AMRT.MA,Andorra,AND,..
"Mortality rate, adult, male (per 1,000 male adults)",SP.DYN.AMRT.MA,Angola,AGO,321.296
"Mortality rate, adult, male (per 1,000 male adults)",SP.DYN.AMRT.MA,Antigua and Barbuda,ATG,121.164
"Mortality rate, adult, male (per 1,000 male adults)",SP.DYN.AMRT.MA,Argentina,ARG,143.506
"Mortality rate, adult, male (per 1,000 male adults)",SP.DYN.AMRT.MA,Armenia,ARM,186.538
"Mortality rate, adult, male (per 1,000 male adults)",SP.DYN.AMRT.MA,Aruba,ABW,135.037
"Mortality rate, adult, male (per 1,000 male adults)",SP.DYN.AMRT.MA,Australia,AUS,78.367
"Mortality rate, adult, male (per 1,000 male adults)",SP.DYN.AMRT.MA,Austria,AUT,84.688
"Mortality rate, adult, male (per 1,000 male adults)",SP.DYN.AMRT.MA,Azerbaijan,AZE,194.524
"Mortality rate, adult, male (per 1,000 male adults)",SP.DYN.AMRT.MA,"Bahamas, The",BHS,231.769
"Mortality rate, adult, male (per 1,000 male adults)",SP.DYN.AMRT.MA,Bahrain,BHR,64.528
"Mortality rate, adult, male (per 1,000 male adults)",SP.DYN.AMRT.MA,Bangladesh,BGD,176.354
"Mortality rate, adult, male (per 1,000 male adults)",SP.DYN.AMRT.MA,Barbados,BRB,130.876
"Mortality rate, adult, male (per 1,000 male adults)",SP.DYN.AMRT.MA,Belarus,BLR,245.384
"Mortality rate, adult, male (per 1,000 male adults)",SP.DYN.AMRT.MA,Belgium,BEL,89.437
"Mortality rate, adult, male (per 1,000 male adults)",SP.DYN.AMRT.MA,Belize,BLZ,208.195
"Mortality rate, adult, male (per 1,000 male adults)",SP.DYN.AMRT.MA,Benin,BEN,289.617
"Mortality rate, adult, male (per 1,000 male adults)",SP.DYN.AMRT.MA,Bermuda,BMU,104.001
"Mortality rate, adult, male (per 1,000 male adults)",SP.DYN.AMRT.MA,Bhutan,BTN,169.981
"Mortality rate, adult, male (per 1,000 male adults)",SP.DYN.AMRT.MA,Bolivia,BOL,235.818
"Mortality rate, adult, male (per 1,000 male adults)",SP.DYN.AMRT.MA,Bosnia and Herzegovina,BIH,109.237
"Mortality rate, adult, male (per 1,000 male adults)",SP.DYN.AMRT.MA,Botswana,BWA,336.805
"Mortality rate, adult, male (per 1,000 male adults)",SP.DYN.AMRT.MA,Brazil,BRA,178.498
"Mortality rate, adult, male (per 1,000 male adults)",SP.DYN.AMRT.MA,British Virgin Islands,VGB,111.941
"Mortality rate, adult, male (per 1,000 male adults)",SP.DYN.AMRT.MA,Brunei Darussalam,BRN,145.427
"Mortality rate, adult, male (per 1,000 male adults)",SP.DYN.AMRT.MA,Bulgaria,BGR,185.528
"Mortality rate, adult, male (per 1,000 male adults)",SP.DYN.AMRT.MA,Burkina Faso,BFA,301.792
"Mortality rate, adult, male (per 1,000 male adults)",SP.DYN.AMRT.MA,Burundi,BDI,324.309
"Mortality rate, adult, male (per 1,000 male adults)",SP.DYN.AMRT.MA,Cabo Verde,CPV,196.447
"Mortality rate, adult, male (per 1,000 male adults)",SP.DYN.AMRT.MA,Cambodia,KHM,203.957
"Mortality rate, adult, male (per 1,000 male adults)",SP.DYN.AMRT.MA,Cameroon,CMR,329.934
"Mortality rate, adult, male (per 1,000 male adults)",SP.DYN.AMRT.MA,Canada,CAN,81.203
"Mortality rate, adult, male (per 1,000 male adults)",SP.DYN.AMRT.MA,Cayman Islands,CYM,..
"Mortality rate, adult, male (per 1,000 male adults)",SP.DYN.AMRT.MA,Central African Republic,CAF,450.392
"Mortality rate, adult, male (per 1,000 male adults)",SP.DYN.AMRT.MA,Chad,TCD,405.939
"Mortality rate, adult, male (per 1,000 male adults)",SP.DYN.AMRT.MA,Channel Islands,CHI,60.164
"Mortality rate, adult, male (per 1,000 male adults)",SP.DYN.AMRT.MA,Chile,CHL,109.658
"Mortality rate, adult, male (per 1,000 male adults)",SP.DYN.AMRT.MA,China,CHN,118.37
"Mortality rate, adult, male (per 1,000 male adults)",SP.DYN.AMRT.MA,Colombia,COL,145.399
"Mortality rate, adult, male (per 1,000 male adults)",SP.DYN.AMRT.MA,Comoros,COM,275.358
"Mortality rate, adult, male (per 1,000 male adults)",SP.DYN.AMRT.MA,"Congo, Dem. Rep.",COD,315.912
"Mortality rate, adult, male (per 1,000 male adults)",SP.DYN.AMRT.MA,"Congo, Rep.",COG,297.229
"Mortality rate, adult, male (per 1,000 male adults)",SP.DYN.AMRT.MA,Costa Rica,CRI,110.191
"Mortality rate, adult, male (per 1,000 male adults)",SP.DYN.AMRT.MA,Cote d'Ivoire,CIV,360.727
"Mortality rate, adult, male (per 1,000 male adults)",SP.DYN.AMRT.MA,Croatia,HRV,121.652
"Mortality rate, adult, male (per 1,000 male adults)",SP.DYN.AMRT.MA,Cuba,CUB,129.661
"Mortality rate, adult, male (per 1,000 male adults)",SP.DYN.AMRT.MA,Curacao,CUW,140.918
"Mortality rate, adult, male (per 1,000 male adults)",SP.DYN.AMRT.MA,Cyprus,CYP,74.01
"Mortality rate, adult, male (per 1,000 male adults)",SP.DYN.AMRT.MA,Czechia,CZE,112.244
"Mortality rate, adult, male (per 1,000 male adults)",SP.DYN.AMRT.MA,Denmark,DNK,82.945
"Mortality rate, adult, male (per 1,000 male adults)",SP.DYN.AMRT.MA,Djibouti,DJI,299.039
"Mortality rate, adult, male (per 1,000 male adults)",SP.DYN.AMRT.MA,Dominica,DMA,191.877
"Mortality rate, adult, male (per 1,000 male adults)",SP.DYN.AMRT.MA,Dominican Republic,DOM,195.897
"Mortality rate, adult, male (per 1,000 male adults)",SP.DYN.AMRT.MA,Ecuador,ECU,139.174
"Mortality rate, adult, male (per 1,000 male adults)",SP.DYN.AMRT.MA,"Egypt, Arab Rep.",EGY,204.216
"Mortality rate, adult, male (per 1,000 male adults)",SP.DYN.AMRT.MA,El Salvador,SLV,291.402
"Mortality rate, adult, male (per 1,000 male adults)",SP.DYN.AMRT.MA,Equatorial Guinea,GNQ,308.122
"Mortality rate, adult, male (per 1,000 male adults)",SP.DYN.AMRT.MA,Eritrea,ERI,244.416
"Mortality rate, adult, male (per 1,000 male adults)",SP.DYN.AMRT.MA,Estonia,EST,169.877
"Mortality rate, adult, male (per 1,000 male adults)",SP.DYN.AMRT.MA,Eswatini,SWZ,577.301
"Mortality rate, adult, male (per 1,000 male adults)",SP.DYN.AMRT.MA,Ethiopia,ETH,275.376
"Mortality rate, adult, male (per 1,000 male adults)",SP.DYN.AMRT.MA,Faroe Islands,FRO,..
"Mortality rate, adult, male (per 1,000 male adults)",SP.DYN.AMRT.MA,Fiji,FJI,270.839
"Mortality rate, adult, male (per 1,000 male adults)",SP.DYN.AMRT.MA,Finland,FIN,94.538
"Mortality rate, adult, male (per 1,000 male adults)",SP.DYN.AMRT.MA,France,FRA,101.59
"Mortality rate, adult, male (per 1,000 male adults)",SP.DYN.AMRT.MA,French Polynesia,PYF,54.909
"Mortality rate, adult, male (per 1,000 male adults)",SP.DYN.AMRT.MA,Gabon,GAB,284.023
"Mortality rate, adult, male (per 1,000 male adults)",SP.DYN.AMRT.MA,"Gambia, The",GMB,275.021
"Mortality rate, adult, male (per 1,000 male adults)",SP.DYN.AMRT.MA,Georgia,GEO,224.903
"Mortality rate, adult, male (per 1,000 male adults)",SP.DYN.AMRT.MA,Germany,DEU,92.451
"Mortality rate, adult, male (per 1,000 male adults)",SP.DYN.AMRT.MA,Ghana,GHA,281.403
"Mortality rate, adult, male (per 1,000 male adults)",SP.DYN.AMRT.MA,Gibraltar,GIB,95.915
"Mortality rate, adult, male (per 1,000 male adults)",SP.DYN.AMRT.MA,Greece,GRC,95.382
"Mortality rate, adult, male (per 1,000 male adults)",SP.DYN.AMRT.MA,Greenland,GRL,199.838
"Mortality rate, adult, male (per 1,000 male adults)",SP.DYN.AMRT.MA,Grenada,GRD,167.442
"Mortality rate, adult, male (per 1,000 male adults)",SP.DYN.AMRT.MA,Guam,GUM,193.633
"Mortality rate, adult, male (per 1,000 male adults)",SP.DYN.AMRT.MA,Guatemala,GTM,227.288
"Mortality rate, adult, male (per 1,000 male adults)",SP.DYN.AMRT.MA,Guinea,GIN,300.582
"Mortality rate, adult, male (per 1,000 male adults)",SP.DYN.AMRT.MA,Guinea-Bissau,GNB,345.857
"Mortality rate, adult, male (per 1,000 male adults)",SP.DYN.AMRT.MA,Guyana,GUY,287.822
"Mortality rate, adult, male (per 1,000 male adults)",SP.DYN.AMRT.MA,Haiti,HTI,282.932
"Mortality rate, adult, male (per 1,000 male adults)",SP.DYN.AMRT.MA,Honduras,HND,168.72
"Mortality rate, adult, male (per 1,000 male adults)",SP.DYN.AMRT.MA,"Hong Kong SAR, China",HKG,61.269
"Mortality rate, adult, male (per 1,000 male adults)",SP.DYN.AMRT.MA,Hungary,HUN,177.627
"Mortality rate, adult, male (per 1,000 male adults)",SP.DYN.AMRT.MA,Iceland,ISL,67.533
"Mortality rate, adult, male (per 1,000 male adults)",SP.DYN.AMRT.MA,India,IND,202.425
"Mortality rate, adult, male (per 1,000 male adults)",SP.DYN.AMRT.MA,Indonesia,IDN,199.15
"Mortality rate, adult, male (per 1,000 male adults)",SP.DYN.AMRT.MA,"Iran, Islamic Rep.",IRN,133.452
"Mortality rate, adult, male (per 1,000 male adults)",SP.DYN.AMRT.MA,Iraq,IRQ,200.684
"Mortality rate, adult, male (per 1,000 male adults)",SP.DYN.AMRT.MA,Ireland,IRL,74.33
"Mortality rate, adult, male (per 1,000 male adults)",SP.DYN.AMRT.MA,Isle of Man,IMN,94.464
"Mortality rate, adult, male (per 1,000 male adults)",SP.DYN.AMRT.MA,Israel,ISR,72.987
"Mortality rate, adult, male (per 1,000 male adults)",SP.DYN.AMRT.MA,Italy,ITA,67.307
"Mortality rate, adult, male (per 1,000 male adults)",SP.DYN.AMRT.MA,Jamaica,JAM,172.324
"Mortality rate, adult, male (per 1,000 male adults)",SP.DYN.AMRT.MA,Japan,JPN,70.18
"Mortality rate, adult, male (per 1,000 male adults)",SP.DYN.AMRT.MA,Jordan,JOR,118.291
"Mortality rate, adult, male (per 1,000 male adults)",SP.DYN.AMRT.MA,Kazakhstan,KAZ,269.752
"Mortality rate, adult, male (per 1,000 male adults)",SP.DYN.AMRT.MA,Kenya,KEN,394.214
"Mortality rate, adult, male (per 1,000 male adults)",SP.DYN.AMRT.MA,Kiribati,KIR,225.125
"Mortality rate, adult, male (per 1,000 male adults)",SP.DYN.AMRT.MA,"Korea, Dem. People's Rep.",PRK,183.169
"Mortality rate, adult, male (per 1,000 male adults)",SP.DYN.AMRT.MA,"Korea, Rep.",KOR,70.803
"Mortality rate, adult, male (per 1,000 male adults)",SP.DYN.AMRT.MA,Kosovo,XKX,98.212
"Mortality rate, adult, male (per 1,000 male adults)",SP.DYN.AMRT.MA,Kuwait,KWT,64.129
"Mortality rate, adult, male (per 1,000 male adults)",SP.DYN.AMRT.MA,Kyrgyz Republic,KGZ,252.916
"Mortality rate, adult, male (per 1,000 male adults)",SP.DYN.AMRT.MA,Lao PDR,LAO,219.611
"Mortality rate, adult, male (per 1,000 male adults)",SP.DYN.AMRT.MA,Latvia,LVA,234.554
"Mortality rate, adult, male (per 1,000 male adults)",SP.DYN.AMRT.MA,Lebanon,LBN,77.379
"Mortality rate, adult, male (per 1,000 male adults)",SP.DYN.AMRT.MA,Lesotho,LSO,593.377
"Mortality rate, adult, male (per 1,000 male adults)",SP.DYN.AMRT.MA,Liberia,LBR,319.026
"Mortality rate, adult, male (per 1,000 male adults)",SP.DYN.AMRT.MA,Libya,LBY,218.903
"Mortality rate, adult, male (per 1,000 male adults)",SP.DYN.AMRT.MA,Liechtenstein,LIE,..
"Mortality rate, adult, male (per 1,000 male adults)",SP.DYN.AMRT.MA,Lithuania,LTU,245.418
"Mortality rate, adult, male (per 1,000 male adults)",SP.DYN.AMRT.MA,Luxembourg,LUX,72.385
"Mortality rate, adult, male (per 1,000 male adults)",SP.DYN.AMRT.MA,"Macao SAR, China",MAC,58.024
"Mortality rate, adult, male (per 1,000 male adults)",SP.DYN.AMRT.MA,Madagascar,MDG,258.218
"Mortality rate, adult, male (per 1,000 male adults)",SP.DYN.AMRT.MA,Malawi,MWI,408.396
"Mortality rate, adult, male (per 1,000 male adults)",SP.DYN.AMRT.MA,Malaysia,MYS,160.29
"Mortality rate, adult, male (per 1,000 male adults)",SP.DYN.AMRT.MA,Maldives,MDV,59.055
"Mortality rate, adult, male (per 1,000 male adults)",SP.DYN.AMRT.MA,Mali,MLI,289.451
"Mortality rate, adult, male (per 1,000 male adults)",SP.DYN.AMRT.MA,Malta,MLT,53.663
"Mortality rate, adult, male (per 1,000 male adults)",SP.DYN.AMRT.MA,Marshall Islands,MHL,310.541
"Mortality rate, adult, male (per 1,000 male adults)",SP.DYN.AMRT.MA,Mauritania,MRT,223.822
"Mortality rate, adult, male (per 1,000 male adults)",SP.DYN.AMRT.MA,Mauritius,MUS,177.845
"Mortality rate, adult, male (per 1,000 male adults)",SP.DYN.AMRT.MA,Mexico,MEX,187.351
"Mortality rate, adult, male (per 1,000 male adults)",SP.DYN.AMRT.MA,"Micronesia, Fed. Sts.",FSM,183.395
"Mortality rate, adult, male (per 1,000 male adults)",SP.DYN.AMRT.MA,Moldova,MDA,299.509
"Mortality rate, adult, male (per 1,000 male adults)",SP.DYN.AMRT.MA,Monaco,MCO,..
"Mortality rate, adult, male (per 1,000 male adults)",SP.DYN.AMRT.MA,Mongolia,MNG,287.841
"Mortality rate, adult, male (per 1,000 male adults)",SP.DYN.AMRT.MA,Montenegro,MNE,130.19
"Mortality rate, adult, male (per 1,000 male adults)",SP.DYN.AMRT.MA,Morocco,MAR,141.134
"Mortality rate, adult, male (per 1,000 male adults)",SP.DYN.AMRT.MA,Mozambique,MOZ,397.887
"Mortality rate, adult, male (per 1,000 male adults)",SP.DYN.AMRT.MA,Myanmar,MMR,268.881
"Mortality rate, adult, male (per 1,000 male adults)",SP.DYN.AMRT.MA,Namibia,NAM,454.913
"Mortality rate, adult, male (per 1,000 male adults)",SP.DYN.AMRT.MA,Nauru,NRU,419.602
"Mortality rate, adult, male (per 1,000 male adults)",SP.DYN.AMRT.MA,Nepal,NPL,222.232
"Mortality rate, adult, male (per 1,000 male adults)",SP.DYN.AMRT.MA,Netherlands,NLD,66.691
"Mortality rate, adult, male (per 1,000 male adults)",SP.DYN.AMRT.MA,New Caledonia,NCL,133.68
"Mortality rate, adult, male (per 1,000 male adults)",SP.DYN.AMRT.MA,New Zealand,NZL,76.511
"Mortality rate, adult, male (per 1,000 male adults)",SP.DYN.AMRT.MA,Nicaragua,NIC,198.756
"Mortality rate, adult, male (per 1,000 male adults)",SP.DYN.AMRT.MA,Niger,NER,256.035
"Mortality rate, adult, male (per 1,000 male adults)",SP.DYN.AMRT.MA,Nigeria,NGA,381.935
"Mortality rate, adult, male (per 1,000 male adults)",SP.DYN.AMRT.MA,North Macedonia,MKD,109.211
"Mortality rate, adult, male (per 1,000 male adults)",SP.DYN.AMRT.MA,Northern Mariana Islands,MNP,..
"Mortality rate, adult, male (per 1,000 male adults)",SP.DYN.AMRT.MA,Norway,NOR,65.805
"Mortality rate, adult, male (per 1,000 male adults)",SP.DYN.AMRT.MA,Oman,OMN,79.4
"Mortality rate, adult, male (per 1,000 male adults)",SP.DYN.AMRT.MA,Pakistan,PAK,214.322
"Mortality rate, adult, male (per 1,000 male adults)",SP.DYN.AMRT.MA,Palau,PLW,..
"Mortality rate, adult, male (per 1,000 male adults)",SP.DYN.AMRT.MA,Panama,PAN,141.085
"Mortality rate, adult, male (per 1,000 male adults)",SP.DYN.AMRT.MA,Papua New Guinea,PNG,280.808
"Mortality rate, adult, male (per 1,000 male adults)",SP.DYN.AMRT.MA,Paraguay,PRY,188.446
"Mortality rate, adult, male (per 1,000 male adults)",SP.DYN.AMRT.MA,Peru,PER,142.013
"Mortality rate, adult, male (per 1,000 male adults)",SP.DYN.AMRT.MA,Philippines,PHL,162.725
"Mortality rate, adult, male (per 1,000 male adults)",SP.DYN.AMRT.MA,Poland,POL,163.904
"Mortality rate, adult, male (per 1,000 male adults)",SP.DYN.AMRT.MA,Portugal,PRT,104.024
"Mortality rate, adult, male (per 1,000 male adults)",SP.DYN.AMRT.MA,Puerto Rico,PRI,146.395
"Mortality rate, adult, male (per 1,000 male adults)",SP.DYN.AMRT.MA,Qatar,QAT,50.6
"Mortality rate, adult, male (per 1,000 male adults)",SP.DYN.AMRT.MA,Romania,ROU,185.508
"Mortality rate, adult, male (per 1,000 male adults)",SP.DYN.AMRT.MA,Russian Federation,RUS,..
"Mortality rate, adult, male (per 1,000 male adults)",SP.DYN.AMRT.MA,Rwanda,RWA,284.929
"Mortality rate, adult, male (per 1,000 male adults)",SP.DYN.AMRT.MA,Samoa,WSM,172.653
"Mortality rate, adult, male (per 1,000 male adults)",SP.DYN.AMRT.MA,San Marino,SMR,..
"Mortality rate, adult, male (per 1,000 male adults)",SP.DYN.AMRT.MA,Sao Tome and Principe,STP,284.995
"Mortality rate, adult, male (per 1,000 male adults)",SP.DYN.AMRT.MA,Saudi Arabia,SAU,98.495
"Mortality rate, adult, male (per 1,000 male adults)",SP.DYN.AMRT.MA,Senegal,SEN,226.353
"Mortality rate, adult, male (per 1,000 male adults)",SP.DYN.AMRT.MA,Serbia,SRB,142.205
"Mortality rate, adult, male (per 1,000 male adults)",SP.DYN.AMRT.MA,Seychelles,SYC,195.915
"Mortality rate, adult, male (per 1,000 male adults)",SP.DYN.AMRT.MA,Sierra Leone,SLE,288.18
"Mortality rate, adult, male (per 1,000 male adults)",SP.DYN.AMRT.MA,Singapore,SGP,64.373
"Mortality rate, adult, male (per 1,000 male adults)",SP.DYN.AMRT.MA,Sint Maarten (Dutch part),SXM,106.717
"Mortality rate, adult, male (per 1,000 male adults)",SP.DYN.AMRT.MA,Slovak Republic,SVK,156.171
"Mortality rate, adult, male (per 1,000 male adults)",SP.DYN.AMRT.MA,Slovenia,SVN,101.185
"Mortality rate, adult, male (per 1,000 male adults)",SP.DYN.AMRT.MA,Solomon Islands,SLB,198.706
"Mortality rate, adult, male (per 1,000 male adults)",SP.DYN.AMRT.MA,Somalia,SOM,350.86
"Mortality rate, adult, male (per 1,000 male adults)",SP.DYN.AMRT.MA,South Africa,ZAF,392.511
"Mortality rate, adult, male (per 1,000 male adults)",SP.DYN.AMRT.MA,South Sudan,SSD,373.805
"Mortality rate, adult, male (per 1,000 male adults)",SP.DYN.AMRT.MA,Spain,ESP,77.049
"Mortality rate, adult, male (per 1,000 male adults)",SP.DYN.AMRT.MA,Sri Lanka,LKA,174.89
"Mortality rate, adult, male (per 1,000 male adults)",SP.DYN.AMRT.MA,St. Kitts and Nevis,KNA,242.713
"Mortality rate, adult, male (per 1,000 male adults)",SP.DYN.AMRT.MA,St. Lucia,LCA,175.032
"Mortality rate, adult, male (per 1,000 male adults)",SP.DYN.AMRT.MA,St. Martin (French part),MAF,84.043
"Mortality rate, adult, male (per 1,000 male adults)",SP.DYN.AMRT.MA,St. Vincent and the Grenadines,VCT,184.809
"Mortality rate, adult, male (per 1,000 male adults)",SP.DYN.AMRT.MA,Sudan,SDN,257.011
"Mortality rate, adult, male (per 1,000 male adults)",SP.DYN.AMRT.MA,Suriname,SUR,248.34
"Mortality rate, adult, male (per 1,000 male adults)",SP.DYN.AMRT.MA,Sweden,SWE,66.933
"Mortality rate, adult, male (per 1,000 male adults)",SP.DYN.AMRT.MA,Switzerland,CHE,62.284
"Mortality rate, adult, male (per 1,000 male adults)",SP.DYN.AMRT.MA,Syrian Arab Republic,SYR,329.561
"Mortality rate, adult, male (per 1,000 male adults)",SP.DYN.AMRT.MA,Tajikistan,TJK,200.803
"Mortality rate, adult, male (per 1,000 male adults)",SP.DYN.AMRT.MA,Tanzania,TZA,285.557
"Mortality rate, adult, male (per 1,000 male adults)",SP.DYN.AMRT.MA,Thailand,THA,192.257
"Mortality rate, adult, male (per 1,000 male adults)",SP.DYN.AMRT.MA,Timor-Leste,TLS,210.56
"Mortality rate, adult, male (per 1,000 male adults)",SP.DYN.AMRT.MA,Togo,TGO,293.381
"Mortality rate, adult, male (per 1,000 male adults)",SP.DYN.AMRT.MA,Tonga,TON,237.489
"Mortality rate, adult, male (per 1,000 male adults)",SP.DYN.AMRT.MA,Trinidad and Tobago,TTO,190.831
"Mortality rate, adult, male (per 1,000 male adults)",SP.DYN.AMRT.MA,Tunisia,TUN,128.758
"Mortality rate, adult, male (per 1,000 male adults)",SP.DYN.AMRT.MA,Turkiye,TUR,124.737
"Mortality rate, adult, male (per 1,000 male adults)",SP.DYN.AMRT.MA,Turkmenistan,TKM,236.782
"Mortality rate, adult, male (per 1,000 male adults)",SP.DYN.AMRT.MA,Turks and Caicos Islands,TCA,112.958
"Mortality rate, adult, male (per 1,000 male adults)",SP.DYN.AMRT.MA,Tuvalu,TUV,379.458
"Mortality rate, adult, male (per 1,000 male adults)",SP.DYN.AMRT.MA,Uganda,UGA,360.018
"Mortality rate, adult, male (per 1,000 male adults)",SP.DYN.AMRT.MA,Ukraine,UKR,247.382
"Mortality rate, adult, male (per 1,000 male adults)",SP.DYN.AMRT.MA,United Arab Emirates,ARE,73.993
"Mortality rate, adult, male (per 1,000 male adults)",SP.DYN.AMRT.MA,United Kingdom,GBR,84.576
"Mortality rate, adult, male (per 1,000 male adults)",SP.DYN.AMRT.MA,United States,USA,134.303
"Mortality rate, adult, male (per 1,000 male adults)",SP.DYN.AMRT.MA,Uruguay,URY,147.774
"Mortality rate, adult, male (per 1,000 male adults)",SP.DYN.AMRT.MA,Uzbekistan,UZB,212.748
"Mortality rate, adult, male (per 1,000 male adults)",SP.DYN.AMRT.MA,Vanuatu,VUT,203.549
"Mortality rate, adult, male (per 1,000 male adults)",SP.DYN.AMRT.MA,"Venezuela, RB",VEN,216.575
"Mortality rate, adult, male (per 1,000 male adults)",SP.DYN.AMRT.MA,Viet Nam,VNM,189.953
"Mortality rate, adult, male (per 1,000 male adults)",SP.DYN.AMRT.MA,Virgin Islands (U.S.),VIR,187.008
"Mortality rate, adult, male (per 1,000 male adults)",SP.DYN.AMRT.MA,West Bank and Gaza,PSE,126.21
"Mortality rate, adult, male (per 1,000 male adults)",SP.DYN.AMRT.MA,"Yemen, Rep.",YEM,251.912
"Mortality rate, adult, male (per 1,000 male adults)",SP.DYN.AMRT.MA,Zambia,ZMB,349.496
"Mortality rate, adult, male (per 1,000 male adults)",SP.DYN.AMRT.MA,Zimbabwe,ZWE,419.827
"Mortality rate, adult, male (per 1,000 male adults)",SP.DYN.AMRT.MA,Africa Eastern and Southern,AFE,329.4949155
"Mortality rate, adult, male (per 1,000 male adults)",SP.DYN.AMRT.MA,Africa Western and Central,AFW,339.6646545
"Mortality rate, adult, male (per 1,000 male adults)",SP.DYN.AMRT.MA,Arab World,ARB,174.6221714
"Mortality rate, adult, male (per 1,000 male adults)",SP.DYN.AMRT.MA,Caribbean small states,CSS,224.1797693
"Mortality rate, adult, male (per 1,000 male adults)",SP.DYN.AMRT.MA,Central Europe and the Baltics,CEB,165.6332236
"Mortality rate, adult, male (per 1,000 male adults)",SP.DYN.AMRT.MA,Early-demographic dividend,EAR,201.5807229
"Mortality rate, adult, male (per 1,000 male adults)",SP.DYN.AMRT.MA,East Asia & Pacific,EAS,136.0199642
"Mortality rate, adult, male (per 1,000 male adults)",SP.DYN.AMRT.MA,East Asia & Pacific (excluding high income),EAP,142.4928414
"Mortality rate, adult, male (per 1,000 male adults)",SP.DYN.AMRT.MA,East Asia & Pacific (IDA & IBRD countries),TEA,141.9958069
"Mortality rate, adult, male (per 1,000 male adults)",SP.DYN.AMRT.MA,Euro area,EMU,89.99205403
"Mortality rate, adult, male (per 1,000 male adults)",SP.DYN.AMRT.MA,Europe & Central Asia,ECS,128.9166512
"Mortality rate, adult, male (per 1,000 male adults)",SP.DYN.AMRT.MA,Europe & Central Asia (excluding high income),ECA,188.8147656
"Mortality rate, adult, male (per 1,000 male adults)",SP.DYN.AMRT.MA,Europe & Central Asia (IDA & IBRD countries),TEC,184.4468337
"Mortality rate, adult, male (per 1,000 male adults)",SP.DYN.AMRT.MA,European Union,EUU,104.5205739
"Mortality rate, adult, male (per 1,000 male adults)",SP.DYN.AMRT.MA,Fragile and conflict affected situations,FCS,301.6000001
"Mortality rate, adult, male (per 1,000 male adults)",SP.DYN.AMRT.MA,Heavily indebted poor countries (HIPC),HPC,299.8514576
"Mortality rate, adult, male (per 1,000 male adults)",SP.DYN.AMRT.MA,High income,HIC,104.0337258
"Mortality rate, adult, male (per 1,000 male adults)",SP.DYN.AMRT.MA,IBRD only,IBD,168.6274446
"Mortality rate, adult, male (per 1,000 male adults)",SP.DYN.AMRT.MA,IDA & IBRD total,IBT,192.8297993
"Mortality rate, adult, male (per 1,000 male adults)",SP.DYN.AMRT.MA,IDA blend,IDB,296.7636854
"Mortality rate, adult, male (per 1,000 male adults)",SP.DYN.AMRT.MA,IDA only,IDX,268.3491692
"Mortality rate, adult, male (per 1,000 male adults)",SP.DYN.AMRT.MA,IDA total,IDA,277.9512276
"Mortality rate, adult, male (per 1,000 male adults)",SP.DYN.AMRT.MA,Late-demographic dividend,LTE,135.5549255
"Mortality rate, adult, male (per 1,000 male adults)",SP.DYN.AMRT.MA,Latin America & Caribbean,LCN,175.5231063
"Mortality rate, adult, male (per 1,000 male adults)",SP.DYN.AMRT.MA,Latin America & Caribbean (excluding high income),LAC,175.9394446
"Mortality rate, adult, male (per 1,000 male adults)",SP.DYN.AMRT.MA,Latin America & the Caribbean (IDA & IBRD countries),TLA,176.5812799
"Mortality rate, adult, male (per 1,000 male adults)",SP.DYN.AMRT.MA,Least developed countries: UN classification,LDC,271.2782913
"Mortality rate, adult, male (per 1,000 male adults)",SP.DYN.AMRT.MA,Low & middle income,LMY,193.0897472
"Mortality rate, adult, male (per 1,000 male adults)",SP.DYN.AMRT.MA,Low income,LIC,298.2860635
"Mortality rate, adult, male (per 1,000 male adults)",SP.DYN.AMRT.MA,Lower middle income,LMC,221.022888
"Mortality rate, adult, male (per 1,000 male adults)",SP.DYN.AMRT.MA,Middle East & North Africa,MEA,154.5122165
"Mortality rate, adult, male (per 1,000 male adults)",SP.DYN.AMRT.MA,Middle East & North Africa (excluding high income),MNA,171.0129825
"Mortality rate, adult, male (per 1,000 male adults)",SP.DYN.AMRT.MA,Middle East & North Africa (IDA & IBRD countries),TMN,171.4543787
"Mortality rate, adult, male (per 1,000 male adults)",SP.DYN.AMRT.MA,Middle income,MIC,184.1591087
"Mortality rate, adult, male (per 1,000 male adults)",SP.DYN.AMRT.MA,North America,NAC,128.8542143
"Mortality rate, adult, male (per 1,000 male adults)",SP.DYN.AMRT.MA,Not classified,INX,..
"Mortality rate, adult, male (per 1,000 male adults)",SP.DYN.AMRT.MA,OECD members,OED,112.8446981
"Mortality rate, adult, male (per 1,000 male adults)",SP.DYN.AMRT.MA,Other small states,OSS,180.9397372
"Mortality rate, adult, male (per 1,000 male adults)",SP.DYN.AMRT.MA,Pacific island small states,PSS,233.1204273
"Mortality rate, adult, male (per 1,000 male adults)",SP.DYN.AMRT.MA,Post-demographic dividend,PST,107.5131117
"Mortality rate, adult, male (per 1,000 male adults)",SP.DYN.AMRT.MA,Pre-demographic dividend,PRE,327.8797297
"Mortality rate, adult, male (per 1,000 male adults)",SP.DYN.AMRT.MA,Small states,SST,193.839644
"Mortality rate, adult, male (per 1,000 male adults)",SP.DYN.AMRT.MA,South Asia,SAS,202.4629615
"Mortality rate, adult, male (per 1,000 male adults)",SP.DYN.AMRT.MA,South Asia (IDA & IBRD),TSA,202.4629615
"Mortality rate, adult, male (per 1,000 male adults)",SP.DYN.AMRT.MA,Sub-Saharan Africa,SSF,333.5942056
"Mortality rate, adult, male (per 1,000 male adults)",SP.DYN.AMRT.MA,Sub-Saharan Africa (excluding high income),SSA,333.6122371
"Mortality rate, adult, male (per 1,000 male adults)",SP.DYN.AMRT.MA,Sub-Saharan Africa (IDA & IBRD countries),TSS,333.5942056
"Mortality rate, adult, male (per 1,000 male adults)",SP.DYN.AMRT.MA,Upper middle income,UMC,150.0557028
"Mortality rate, adult, male (per 1,000 male adults)",SP.DYN.AMRT.MA,World,WLD,177.9162947
"Mortality rate, infant (per 1,000 live births)",SP.DYN.IMRT.IN,Afghanistan,AFG,54.6
"Mortality rate, infant (per 1,000 live births)",SP.DYN.IMRT.IN,Albania,ALB,8.5
"Mortality rate, infant (per 1,000 live births)",SP.DYN.IMRT.IN,Algeria,DZA,21.7
"Mortality rate, infant (per 1,000 live births)",SP.DYN.IMRT.IN,American Samoa,ASM,..
"Mortality rate, infant (per 1,000 live births)",SP.DYN.IMRT.IN,Andorra,AND,3.4
"Mortality rate, infant (per 1,000 live births)",SP.DYN.IMRT.IN,Angola,AGO,57.6
"Mortality rate, infant (per 1,000 live births)",SP.DYN.IMRT.IN,Antigua and Barbuda,ATG,9.2
"Mortality rate, infant (per 1,000 live births)",SP.DYN.IMRT.IN,Argentina,ARG,10.5
"Mortality rate, infant (per 1,000 live births)",SP.DYN.IMRT.IN,Armenia,ARM,12.9
"Mortality rate, infant (per 1,000 live births)",SP.DYN.IMRT.IN,Aruba,ABW,..
"Mortality rate, infant (per 1,000 live births)",SP.DYN.IMRT.IN,Australia,AUS,3.3
"Mortality rate, infant (per 1,000 live births)",SP.DYN.IMRT.IN,Austria,AUT,3.1
"Mortality rate, infant (per 1,000 live births)",SP.DYN.IMRT.IN,Azerbaijan,AZE,23.6
"Mortality rate, infant (per 1,000 live births)",SP.DYN.IMRT.IN,"Bahamas, The",BHS,12
"Mortality rate, infant (per 1,000 live births)",SP.DYN.IMRT.IN,Bahrain,BHR,6.5
"Mortality rate, infant (per 1,000 live births)",SP.DYN.IMRT.IN,Bangladesh,BGD,31.4
"Mortality rate, infant (per 1,000 live births)",SP.DYN.IMRT.IN,Barbados,BRB,12.4
"Mortality rate, infant (per 1,000 live births)",SP.DYN.IMRT.IN,Belarus,BLR,3.1
"Mortality rate, infant (per 1,000 live births)",SP.DYN.IMRT.IN,Belgium,BEL,3.4
"Mortality rate, infant (per 1,000 live births)",SP.DYN.IMRT.IN,Belize,BLZ,13.5
"Mortality rate, infant (per 1,000 live births)",SP.DYN.IMRT.IN,Benin,BEN,63
"Mortality rate, infant (per 1,000 live births)",SP.DYN.IMRT.IN,Bermuda,BMU,..
"Mortality rate, infant (per 1,000 live births)",SP.DYN.IMRT.IN,Bhutan,BTN,25.5
"Mortality rate, infant (per 1,000 live births)",SP.DYN.IMRT.IN,Bolivia,BOL,25.8
"Mortality rate, infant (per 1,000 live births)",SP.DYN.IMRT.IN,Bosnia and Herzegovina,BIH,5.5
"Mortality rate, infant (per 1,000 live births)",SP.DYN.IMRT.IN,Botswana,BWA,38.9
"Mortality rate, infant (per 1,000 live births)",SP.DYN.IMRT.IN,Brazil,BRA,14.2
"Mortality rate, infant (per 1,000 live births)",SP.DYN.IMRT.IN,British Virgin Islands,VGB,13.6
"Mortality rate, infant (per 1,000 live births)",SP.DYN.IMRT.IN,Brunei Darussalam,BRN,8.5
"Mortality rate, infant (per 1,000 live births)",SP.DYN.IMRT.IN,Bulgaria,BGR,6.8
"Mortality rate, infant (per 1,000 live births)",SP.DYN.IMRT.IN,Burkina Faso,BFA,59.4
"Mortality rate, infant (per 1,000 live births)",SP.DYN.IMRT.IN,Burundi,BDI,46
"Mortality rate, infant (per 1,000 live births)",SP.DYN.IMRT.IN,Cabo Verde,CPV,15.7
"Mortality rate, infant (per 1,000 live births)",SP.DYN.IMRT.IN,Cambodia,KHM,27.1
"Mortality rate, infant (per 1,000 live births)",SP.DYN.IMRT.IN,Cameroon,CMR,57.8
"Mortality rate, infant (per 1,000 live births)",SP.DYN.IMRT.IN,Canada,CAN,4.7
"Mortality rate, infant (per 1,000 live births)",SP.DYN.IMRT.IN,Cayman Islands,CYM,..
"Mortality rate, infant (per 1,000 live births)",SP.DYN.IMRT.IN,Central African Republic,CAF,83.3
"Mortality rate, infant (per 1,000 live births)",SP.DYN.IMRT.IN,Chad,TCD,75.7
"Mortality rate, infant (per 1,000 live births)",SP.DYN.IMRT.IN,Channel Islands,CHI,..
"Mortality rate, infant (per 1,000 live births)",SP.DYN.IMRT.IN,Chile,CHL,6.8
"Mortality rate, infant (per 1,000 live births)",SP.DYN.IMRT.IN,China,CHN,8.2
"Mortality rate, infant (per 1,000 live births)",SP.DYN.IMRT.IN,Colombia,COL,13.4
"Mortality rate, infant (per 1,000 live births)",SP.DYN.IMRT.IN,Comoros,COM,47.3
"Mortality rate, infant (per 1,000 live births)",SP.DYN.IMRT.IN,"Congo, Dem. Rep.",COD,72.8
"Mortality rate, infant (per 1,000 live births)",SP.DYN.IMRT.IN,"Congo, Rep.",COG,37.8
"Mortality rate, infant (per 1,000 live births)",SP.DYN.IMRT.IN,Costa Rica,CRI,7.7
"Mortality rate, infant (per 1,000 live births)",SP.DYN.IMRT.IN,Cote d'Ivoire,CIV,62.9
"Mortality rate, infant (per 1,000 live births)",SP.DYN.IMRT.IN,Croatia,HRV,4.2
"Mortality rate, infant (per 1,000 live births)",SP.DYN.IMRT.IN,Cuba,CUB,4.8
"Mortality rate, infant (per 1,000 live births)",SP.DYN.IMRT.IN,Curacao,CUW,..
"Mortality rate, infant (per 1,000 live births)",SP.DYN.IMRT.IN,Cyprus,CYP,2.4
"Mortality rate, infant (per 1,000 live births)",SP.DYN.IMRT.IN,Czechia,CZE,2.6
"Mortality rate, infant (per 1,000 live births)",SP.DYN.IMRT.IN,Denmark,DNK,3.5
"Mortality rate, infant (per 1,000 live births)",SP.DYN.IMRT.IN,Djibouti,DJI,54.2
"Mortality rate, infant (per 1,000 live births)",SP.DYN.IMRT.IN,Dominica,DMA,25.6
"Mortality rate, infant (per 1,000 live births)",SP.DYN.IMRT.IN,Dominican Republic,DOM,28.8
"Mortality rate, infant (per 1,000 live births)",SP.DYN.IMRT.IN,Ecuador,ECU,13.2
"Mortality rate, infant (per 1,000 live births)",SP.DYN.IMRT.IN,"Egypt, Arab Rep.",EGY,19.7
"Mortality rate, infant (per 1,000 live births)",SP.DYN.IMRT.IN,El Salvador,SLV,13.2
"Mortality rate, infant (per 1,000 live births)",SP.DYN.IMRT.IN,Equatorial Guinea,GNQ,67.8
"Mortality rate, infant (per 1,000 live births)",SP.DYN.IMRT.IN,Eritrea,ERI,34.1
"Mortality rate, infant (per 1,000 live births)",SP.DYN.IMRT.IN,Estonia,EST,2.4
"Mortality rate, infant (per 1,000 live births)",SP.DYN.IMRT.IN,Eswatini,SWZ,49.5
"Mortality rate, infant (per 1,000 live births)",SP.DYN.IMRT.IN,Ethiopia,ETH,43.6
"Mortality rate, infant (per 1,000 live births)",SP.DYN.IMRT.IN,Faroe Islands,FRO,..
"Mortality rate, infant (per 1,000 live births)",SP.DYN.IMRT.IN,Fiji,FJI,18.2
"Mortality rate, infant (per 1,000 live births)",SP.DYN.IMRT.IN,Finland,FIN,2
"Mortality rate, infant (per 1,000 live births)",SP.DYN.IMRT.IN,France,FRA,3.2
"Mortality rate, infant (per 1,000 live births)",SP.DYN.IMRT.IN,French Polynesia,PYF,..
"Mortality rate, infant (per 1,000 live births)",SP.DYN.IMRT.IN,Gabon,GAB,35.4
"Mortality rate, infant (per 1,000 live births)",SP.DYN.IMRT.IN,"Gambia, The",GMB,39.5
"Mortality rate, infant (per 1,000 live births)",SP.DYN.IMRT.IN,Georgia,GEO,9.3
"Mortality rate, infant (per 1,000 live births)",SP.DYN.IMRT.IN,Germany,DEU,3.3
"Mortality rate, infant (per 1,000 live births)",SP.DYN.IMRT.IN,Ghana,GHA,39.2
"Mortality rate, infant (per 1,000 live births)",SP.DYN.IMRT.IN,Gibraltar,GIB,..
"Mortality rate, infant (per 1,000 live births)",SP.DYN.IMRT.IN,Greece,GRC,3.6
"Mortality rate, infant (per 1,000 live births)",SP.DYN.IMRT.IN,Greenland,GRL,..
"Mortality rate, infant (per 1,000 live births)",SP.DYN.IMRT.IN,Grenada,GRD,13.3
"Mortality rate, infant (per 1,000 live births)",SP.DYN.IMRT.IN,Guam,GUM,..
"Mortality rate, infant (per 1,000 live births)",SP.DYN.IMRT.IN,Guatemala,GTM,23.7
"Mortality rate, infant (per 1,000 live births)",SP.DYN.IMRT.IN,Guinea,GIN,71.7
"Mortality rate, infant (per 1,000 live births)",SP.DYN.IMRT.IN,Guinea-Bissau,GNB,60
"Mortality rate, infant (per 1,000 live births)",SP.DYN.IMRT.IN,Guyana,GUY,27.4
"Mortality rate, infant (per 1,000 live births)",SP.DYN.IMRT.IN,Haiti,HTI,52.7
"Mortality rate, infant (per 1,000 live births)",SP.DYN.IMRT.IN,Honduras,HND,17.5
"Mortality rate, infant (per 1,000 live births)",SP.DYN.IMRT.IN,"Hong Kong SAR, China",HKG,..
"Mortality rate, infant (per 1,000 live births)",SP.DYN.IMRT.IN,Hungary,HUN,4.2
"Mortality rate, infant (per 1,000 live births)",SP.DYN.IMRT.IN,Iceland,ISL,2.1
"Mortality rate, infant (per 1,000 live births)",SP.DYN.IMRT.IN,India,IND,36.5
"Mortality rate, infant (per 1,000 live births)",SP.DYN.IMRT.IN,Indonesia,IDN,23.1
"Mortality rate, infant (per 1,000 live births)",SP.DYN.IMRT.IN,"Iran, Islamic Rep.",IRN,13.3
"Mortality rate, infant (per 1,000 live births)",SP.DYN.IMRT.IN,Iraq,IRQ,24.7
"Mortality rate, infant (per 1,000 live births)",SP.DYN.IMRT.IN,Ireland,IRL,3.2
"Mortality rate, infant (per 1,000 live births)",SP.DYN.IMRT.IN,Isle of Man,IMN,..
"Mortality rate, infant (per 1,000 live births)",SP.DYN.IMRT.IN,Israel,ISR,3.2
"Mortality rate, infant (per 1,000 live births)",SP.DYN.IMRT.IN,Italy,ITA,3
"Mortality rate, infant (per 1,000 live births)",SP.DYN.IMRT.IN,Jamaica,JAM,16
"Mortality rate, infant (per 1,000 live births)",SP.DYN.IMRT.IN,Japan,JPN,2
"Mortality rate, infant (per 1,000 live births)",SP.DYN.IMRT.IN,Jordan,JOR,15.1
"Mortality rate, infant (per 1,000 live births)",SP.DYN.IMRT.IN,Kazakhstan,KAZ,10.6
"Mortality rate, infant (per 1,000 live births)",SP.DYN.IMRT.IN,Kenya,KEN,34.1
"Mortality rate, infant (per 1,000 live births)",SP.DYN.IMRT.IN,Kiribati,KIR,45.7
"Mortality rate, infant (per 1,000 live births)",SP.DYN.IMRT.IN,"Korea, Dem. People's Rep.",PRK,16.8
"Mortality rate, infant (per 1,000 live births)",SP.DYN.IMRT.IN,"Korea, Rep.",KOR,3
"Mortality rate, infant (per 1,000 live births)",SP.DYN.IMRT.IN,Kosovo,XKX,13
"Mortality rate, infant (per 1,000 live births)",SP.DYN.IMRT.IN,Kuwait,KWT,7.8
"Mortality rate, infant (per 1,000 live births)",SP.DYN.IMRT.IN,Kyrgyz Republic,KGZ,19.8
"Mortality rate, infant (per 1,000 live births)",SP.DYN.IMRT.IN,Lao PDR,LAO,41.7
"Mortality rate, infant (per 1,000 live births)",SP.DYN.IMRT.IN,Latvia,LVA,4.3
"Mortality rate, infant (per 1,000 live births)",SP.DYN.IMRT.IN,Lebanon,LBN,10.9
"Mortality rate, infant (per 1,000 live births)",SP.DYN.IMRT.IN,Lesotho,LSO,62.9
"Mortality rate, infant (per 1,000 live births)",SP.DYN.IMRT.IN,Liberia,LBR,64.5
"Mortality rate, infant (per 1,000 live births)",SP.DYN.IMRT.IN,Libya,LBY,11.4
"Mortality rate, infant (per 1,000 live births)",SP.DYN.IMRT.IN,Liechtenstein,LIE,..
"Mortality rate, infant (per 1,000 live births)",SP.DYN.IMRT.IN,Lithuania,LTU,4
"Mortality rate, infant (per 1,000 live births)",SP.DYN.IMRT.IN,Luxembourg,LUX,2.2
"Mortality rate, infant (per 1,000 live births)",SP.DYN.IMRT.IN,"Macao SAR, China",MAC,..
"Mortality rate, infant (per 1,000 live births)",SP.DYN.IMRT.IN,Madagascar,MDG,45.2
"Mortality rate, infant (per 1,000 live births)",SP.DYN.IMRT.IN,Malawi,MWI,38.5
"Mortality rate, infant (per 1,000 live births)",SP.DYN.IMRT.IN,Malaysia,MYS,7
"Mortality rate, infant (per 1,000 live births)",SP.DYN.IMRT.IN,Maldives,MDV,8.4
"Mortality rate, infant (per 1,000 live births)",SP.DYN.IMRT.IN,Mali,MLI,70
"Mortality rate, infant (per 1,000 live births)",SP.DYN.IMRT.IN,Malta,MLT,5.7
"Mortality rate, infant (per 1,000 live births)",SP.DYN.IMRT.IN,Marshall Islands,MHL,29.1
"Mortality rate, infant (per 1,000 live births)",SP.DYN.IMRT.IN,Mauritania,MRT,37.3
"Mortality rate, infant (per 1,000 live births)",SP.DYN.IMRT.IN,Mauritius,MUS,12.9
"Mortality rate, infant (per 1,000 live births)",SP.DYN.IMRT.IN,Mexico,MEX,14
"Mortality rate, infant (per 1,000 live births)",SP.DYN.IMRT.IN,"Micronesia, Fed. Sts.",FSM,25.3
"Mortality rate, infant (per 1,000 live births)",SP.DYN.IMRT.IN,Moldova,MDA,13.4
"Mortality rate, infant (per 1,000 live births)",SP.DYN.IMRT.IN,Monaco,MCO,2.9
"Mortality rate, infant (per 1,000 live births)",SP.DYN.IMRT.IN,Mongolia,MNG,16.6
"Mortality rate, infant (per 1,000 live births)",SP.DYN.IMRT.IN,Montenegro,MNE,3.5
"Mortality rate, infant (per 1,000 live births)",SP.DYN.IMRT.IN,Morocco,MAR,20.1
"Mortality rate, infant (per 1,000 live births)",SP.DYN.IMRT.IN,Mozambique,MOZ,59.6
"Mortality rate, infant (per 1,000 live births)",SP.DYN.IMRT.IN,Myanmar,MMR,40.4
"Mortality rate, infant (per 1,000 live births)",SP.DYN.IMRT.IN,Namibia,NAM,33.1
"Mortality rate, infant (per 1,000 live births)",SP.DYN.IMRT.IN,Nauru,NRU,27.4
"Mortality rate, infant (per 1,000 live births)",SP.DYN.IMRT.IN,Nepal,NPL,31
"Mortality rate, infant (per 1,000 live births)",SP.DYN.IMRT.IN,Netherlands,NLD,3.5
"Mortality rate, infant (per 1,000 live births)",SP.DYN.IMRT.IN,New Caledonia,NCL,..
"Mortality rate, infant (per 1,000 live births)",SP.DYN.IMRT.IN,New Zealand,NZL,4.6
"Mortality rate, infant (per 1,000 live births)",SP.DYN.IMRT.IN,Nicaragua,NIC,16.5
"Mortality rate, infant (per 1,000 live births)",SP.DYN.IMRT.IN,Niger,NER,63.5
"Mortality rate, infant (per 1,000 live births)",SP.DYN.IMRT.IN,Nigeria,NGA,79.2
"Mortality rate, infant (per 1,000 live births)",SP.DYN.IMRT.IN,North Macedonia,MKD,9.9
"Mortality rate, infant (per 1,000 live births)",SP.DYN.IMRT.IN,Northern Mariana Islands,MNP,..
"Mortality rate, infant (per 1,000 live births)",SP.DYN.IMRT.IN,Norway,NOR,2.2
"Mortality rate, infant (per 1,000 live births)",SP.DYN.IMRT.IN,Oman,OMN,9.6
"Mortality rate, infant (per 1,000 live births)",SP.DYN.IMRT.IN,Pakistan,PAK,62.2
"Mortality rate, infant (per 1,000 live births)",SP.DYN.IMRT.IN,Palau,PLW,21
"Mortality rate, infant (per 1,000 live births)",SP.DYN.IMRT.IN,Panama,PAN,14.8
"Mortality rate, infant (per 1,000 live births)",SP.DYN.IMRT.IN,Papua New Guinea,PNG,40.6
"Mortality rate, infant (per 1,000 live births)",SP.DYN.IMRT.IN,Paraguay,PRY,18.8
"Mortality rate, infant (per 1,000 live births)",SP.DYN.IMRT.IN,Peru,PER,13.2
"Mortality rate, infant (per 1,000 live births)",SP.DYN.IMRT.IN,Philippines,PHL,22.1
"Mortality rate, infant (per 1,000 live births)",SP.DYN.IMRT.IN,Poland,POL,4.2
"Mortality rate, infant (per 1,000 live births)",SP.DYN.IMRT.IN,Portugal,PRT,3
"Mortality rate, infant (per 1,000 live births)",SP.DYN.IMRT.IN,Puerto Rico,PRI,..
"Mortality rate, infant (per 1,000 live births)",SP.DYN.IMRT.IN,Qatar,QAT,6.6
"Mortality rate, infant (per 1,000 live births)",SP.DYN.IMRT.IN,Romania,ROU,7.7
"Mortality rate, infant (per 1,000 live births)",SP.DYN.IMRT.IN,Russian Federation,RUS,6.6
"Mortality rate, infant (per 1,000 live births)",SP.DYN.IMRT.IN,Rwanda,RWA,34.7
"Mortality rate, infant (per 1,000 live births)",SP.DYN.IMRT.IN,Samoa,WSM,15.9
"Mortality rate, infant (per 1,000 live births)",SP.DYN.IMRT.IN,San Marino,SMR,1.8
"Mortality rate, infant (per 1,000 live births)",SP.DYN.IMRT.IN,Sao Tome and Principe,STP,18.4
"Mortality rate, infant (per 1,000 live births)",SP.DYN.IMRT.IN,Saudi Arabia,SAU,7.8
"Mortality rate, infant (per 1,000 live births)",SP.DYN.IMRT.IN,Senegal,SEN,35.5
"Mortality rate, infant (per 1,000 live births)",SP.DYN.IMRT.IN,Serbia,SRB,5.4
"Mortality rate, infant (per 1,000 live births)",SP.DYN.IMRT.IN,Seychelles,SYC,12.5
"Mortality rate, infant (per 1,000 live births)",SP.DYN.IMRT.IN,Sierra Leone,SLE,95.3
"Mortality rate, infant (per 1,000 live births)",SP.DYN.IMRT.IN,Singapore,SGP,2.2
"Mortality rate, infant (per 1,000 live births)",SP.DYN.IMRT.IN,Sint Maarten (Dutch part),SXM,..
"Mortality rate, infant (per 1,000 live births)",SP.DYN.IMRT.IN,Slovak Republic,SVK,5.2
"Mortality rate, infant (per 1,000 live births)",SP.DYN.IMRT.IN,Slovenia,SVN,2.1
"Mortality rate, infant (per 1,000 live births)",SP.DYN.IMRT.IN,Solomon Islands,SLB,19.4
"Mortality rate, infant (per 1,000 live births)",SP.DYN.IMRT.IN,Somalia,SOM,82.7
"Mortality rate, infant (per 1,000 live births)",SP.DYN.IMRT.IN,South Africa,ZAF,29.8
"Mortality rate, infant (per 1,000 live births)",SP.DYN.IMRT.IN,South Sudan,SSD,63.8
"Mortality rate, infant (per 1,000 live births)",SP.DYN.IMRT.IN,Spain,ESP,2.8
"Mortality rate, infant (per 1,000 live births)",SP.DYN.IMRT.IN,Sri Lanka,LKA,7.5
"Mortality rate, infant (per 1,000 live births)",SP.DYN.IMRT.IN,St. Kitts and Nevis,KNA,15.7
"Mortality rate, infant (per 1,000 live births)",SP.DYN.IMRT.IN,St. Lucia,LCA,16.2
"Mortality rate, infant (per 1,000 live births)",SP.DYN.IMRT.IN,St. Martin (French part),MAF,..
"Mortality rate, infant (per 1,000 live births)",SP.DYN.IMRT.IN,St. Vincent and the Grenadines,VCT,15.1
"Mortality rate, infant (per 1,000 live births)",SP.DYN.IMRT.IN,Sudan,SDN,44.5
"Mortality rate, infant (per 1,000 live births)",SP.DYN.IMRT.IN,Suriname,SUR,18.3
"Mortality rate, infant (per 1,000 live births)",SP.DYN.IMRT.IN,Sweden,SWE,2.3
"Mortality rate, infant (per 1,000 live births)",SP.DYN.IMRT.IN,Switzerland,CHE,3.7
"Mortality rate, infant (per 1,000 live births)",SP.DYN.IMRT.IN,Syrian Arab Republic,SYR,26.7
"Mortality rate, infant (per 1,000 live births)",SP.DYN.IMRT.IN,Tajikistan,TJK,32.7
"Mortality rate, infant (per 1,000 live births)",SP.DYN.IMRT.IN,Tanzania,TZA,39.1
"Mortality rate, infant (per 1,000 live births)",SP.DYN.IMRT.IN,Thailand,THA,8.9
"Mortality rate, infant (per 1,000 live births)",SP.DYN.IMRT.IN,Timor-Leste,TLS,51.5
"Mortality rate, infant (per 1,000 live births)",SP.DYN.IMRT.IN,Togo,TGO,50.8
"Mortality rate, infant (per 1,000 live births)",SP.DYN.IMRT.IN,Tonga,TON,10.7
"Mortality rate, infant (per 1,000 live births)",SP.DYN.IMRT.IN,Trinidad and Tobago,TTO,17.2
"Mortality rate, infant (per 1,000 live births)",SP.DYN.IMRT.IN,Tunisia,TUN,15.1
"Mortality rate, infant (per 1,000 live births)",SP.DYN.IMRT.IN,Turkiye,TUR,11.5
"Mortality rate, infant (per 1,000 live births)",SP.DYN.IMRT.IN,Turkmenistan,TKM,36.7
"Mortality rate, infant (per 1,000 live births)",SP.DYN.IMRT.IN,Turks and Caicos Islands,TCA,4.8
"Mortality rate, infant (per 1,000 live births)",SP.DYN.IMRT.IN,Tuvalu,TUV,21.9
"Mortality rate, infant (per 1,000 live births)",SP.DYN.IMRT.IN,Uganda,UGA,39.2
"Mortality rate, infant (per 1,000 live births)",SP.DYN.IMRT.IN,Ukraine,UKR,8.1
"Mortality rate, infant (per 1,000 live births)",SP.DYN.IMRT.IN,United Arab Emirates,ARE,6.1
"Mortality rate, infant (per 1,000 live births)",SP.DYN.IMRT.IN,United Kingdom,GBR,3.9
"Mortality rate, infant (per 1,000 live births)",SP.DYN.IMRT.IN,United States,USA,5.8
"Mortality rate, infant (per 1,000 live births)",SP.DYN.IMRT.IN,Uruguay,URY,7.6
"Mortality rate, infant (per 1,000 live births)",SP.DYN.IMRT.IN,Uzbekistan,UZB,17.7
"Mortality rate, infant (per 1,000 live births)",SP.DYN.IMRT.IN,Vanuatu,VUT,17.9
"Mortality rate, infant (per 1,000 live births)",SP.DYN.IMRT.IN,"Venezuela, RB",VEN,16.6
"Mortality rate, infant (per 1,000 live births)",SP.DYN.IMRT.IN,Viet Nam,VNM,17.5
"Mortality rate, infant (per 1,000 live births)",SP.DYN.IMRT.IN,Virgin Islands (U.S.),VIR,..
"Mortality rate, infant (per 1,000 live births)",SP.DYN.IMRT.IN,West Bank and Gaza,PSE,15.8
"Mortality rate, infant (per 1,000 live births)",SP.DYN.IMRT.IN,"Yemen, Rep.",YEM,38.4
"Mortality rate, infant (per 1,000 live births)",SP.DYN.IMRT.IN,Zambia,ZMB,47.1
"Mortality rate, infant (per 1,000 live births)",SP.DYN.IMRT.IN,Zimbabwe,ZWE,41.9
"Mortality rate, infant (per 1,000 live births)",SP.DYN.IMRT.IN,Africa Eastern and Southern,AFE,49.13706055
"Mortality rate, infant (per 1,000 live births)",SP.DYN.IMRT.IN,Africa Western and Central,AFW,68.6722269
"Mortality rate, infant (per 1,000 live births)",SP.DYN.IMRT.IN,Arab World,ARB,28.04564564
"Mortality rate, infant (per 1,000 live births)",SP.DYN.IMRT.IN,Caribbean small states,CSS,18.96076375
"Mortality rate, infant (per 1,000 live births)",SP.DYN.IMRT.IN,Central Europe and the Baltics,CEB,4.883225174
"Mortality rate, infant (per 1,000 live births)",SP.DYN.IMRT.IN,Early-demographic dividend,EAR,32.97013982
"Mortality rate, infant (per 1,000 live births)",SP.DYN.IMRT.IN,East Asia & Pacific,EAS,13.4
"Mortality rate, infant (per 1,000 live births)",SP.DYN.IMRT.IN,East Asia & Pacific (excluding high income),EAP,14.10330113
"Mortality rate, infant (per 1,000 live births)",SP.DYN.IMRT.IN,East Asia & Pacific (IDA & IBRD countries),TEA,14.07207613
"Mortality rate, infant (per 1,000 live births)",SP.DYN.IMRT.IN,Euro area,EMU,3.197149577
"Mortality rate, infant (per 1,000 live births)",SP.DYN.IMRT.IN,Europe & Central Asia,ECS,8.3
"Mortality rate, infant (per 1,000 live births)",SP.DYN.IMRT.IN,Europe & Central Asia (excluding high income),ECA,14.72556523
"Mortality rate, infant (per 1,000 live births)",SP.DYN.IMRT.IN,Europe & Central Asia (IDA & IBRD countries),TEC,11.51311244
"Mortality rate, infant (per 1,000 live births)",SP.DYN.IMRT.IN,European Union,EUU,3.546700973
"Mortality rate, infant (per 1,000 live births)",SP.DYN.IMRT.IN,Fragile and conflict affected situations,FCS,58.10681892
"Mortality rate, infant (per 1,000 live births)",SP.DYN.IMRT.IN,Heavily indebted poor countries (HIPC),HPC,53.41165492
"Mortality rate, infant (per 1,000 live births)",SP.DYN.IMRT.IN,High income,HIC,4.6
"Mortality rate, infant (per 1,000 live births)",SP.DYN.IMRT.IN,IBRD only,IBD,21.85305674
"Mortality rate, infant (per 1,000 live births)",SP.DYN.IMRT.IN,IDA & IBRD total,IBT,34.57830315
"Mortality rate, infant (per 1,000 live births)",SP.DYN.IMRT.IN,IDA blend,IDB,63.59939724
"Mortality rate, infant (per 1,000 live births)",SP.DYN.IMRT.IN,IDA only,IDX,49.02369977
"Mortality rate, infant (per 1,000 live births)",SP.DYN.IMRT.IN,IDA total,IDA,54.03386453
"Mortality rate, infant (per 1,000 live births)",SP.DYN.IMRT.IN,Late-demographic dividend,LTE,9.880458616
"Mortality rate, infant (per 1,000 live births)",SP.DYN.IMRT.IN,Latin America & Caribbean,LCN,15.7
"Mortality rate, infant (per 1,000 live births)",SP.DYN.IMRT.IN,Latin America & Caribbean (excluding high income),LAC,15.85805652
"Mortality rate, infant (per 1,000 live births)",SP.DYN.IMRT.IN,Latin America & the Caribbean (IDA & IBRD countries),TLA,15.79950033
"Mortality rate, infant (per 1,000 live births)",SP.DYN.IMRT.IN,Least developed countries: UN classification,LDC,50.71869455
"Mortality rate, infant (per 1,000 live births)",SP.DYN.IMRT.IN,Low & middle income,LMY,35.22960397
"Mortality rate, infant (per 1,000 live births)",SP.DYN.IMRT.IN,Low income,LIC,54.5
"Mortality rate, infant (per 1,000 live births)",SP.DYN.IMRT.IN,Lower middle income,LMC,41.4
"Mortality rate, infant (per 1,000 live births)",SP.DYN.IMRT.IN,Middle East & North Africa,MEA,19.8
"Mortality rate, infant (per 1,000 live births)",SP.DYN.IMRT.IN,Middle East & North Africa (excluding high income),MNA,21.29598428
"Mortality rate, infant (per 1,000 live births)",SP.DYN.IMRT.IN,Middle East & North Africa (IDA & IBRD countries),TMN,21.38283581
"Mortality rate, infant (per 1,000 live births)",SP.DYN.IMRT.IN,Middle income,MIC,31.3193617
"Mortality rate, infant (per 1,000 live births)",SP.DYN.IMRT.IN,North America,NAC,5.7
"Mortality rate, infant (per 1,000 live births)",SP.DYN.IMRT.IN,Not classified,INX,..
"Mortality rate, infant (per 1,000 live births)",SP.DYN.IMRT.IN,OECD members,OED,6.623436059
"Mortality rate, infant (per 1,000 live births)",SP.DYN.IMRT.IN,Other small states,OSS,29.10383984
"Mortality rate, infant (per 1,000 live births)",SP.DYN.IMRT.IN,Pacific island small states,PSS,19.97701328
"Mortality rate, infant (per 1,000 live births)",SP.DYN.IMRT.IN,Post-demographic dividend,PST,4.329967761
"Mortality rate, infant (per 1,000 live births)",SP.DYN.IMRT.IN,Pre-demographic dividend,PRE,59.74422976
"Mortality rate, infant (per 1,000 live births)",SP.DYN.IMRT.IN,Small states,SST,25.93183978
"Mortality rate, infant (per 1,000 live births)",SP.DYN.IMRT.IN,South Asia,SAS,40.8
"Mortality rate, infant (per 1,000 live births)",SP.DYN.IMRT.IN,South Asia (IDA & IBRD),TSA,40.79925307
"Mortality rate, infant (per 1,000 live births)",SP.DYN.IMRT.IN,Sub-Saharan Africa,SSF,57.5
"Mortality rate, infant (per 1,000 live births)",SP.DYN.IMRT.IN,Sub-Saharan Africa (excluding high income),SSA,57.47032499
"Mortality rate, infant (per 1,000 live births)",SP.DYN.IMRT.IN,Sub-Saharan Africa (IDA & IBRD countries),TSS,57.46829258
"Mortality rate, infant (per 1,000 live births)",SP.DYN.IMRT.IN,Upper middle income,UMC,13
"Mortality rate, infant (per 1,000 live births)",SP.DYN.IMRT.IN,World,WLD,32
